0,-50
1,50
2,0
3,-50
4,-100
5,0
6,-50
7,50
8,150
9,100
10,50
11,150
12,100
13,200
14,300
15,250
16,200
17,300
18,250
19,350
20,450
21,400
22,500
23,600
24,700
25,800
26,750
27,700
28,800
29,750
30,700
31,800
32,900
33,850
34,950
35,1050
36,1000
37,950
38,1050
39,1150
40,1250
41,1200
42,1300
43,1250
44,1200
45,1150
46,1100
47,1050
48,1150
49,1100
50,1200
51,1150
52,1250
53,1350
54,1450
55,1550
56,1650
57,1600
58,1700
59,1650
60,1600
61,1700
62,1800
63,1750
64,1700
65,1800
66,1750
67,1700
68,1800
69,1900
70,1850
71,1950
72,2000
73,2000
74,2000
75,2000
76,2000
77,2000
78,1950
79,1900
80,1850
81,1800
82,1750
83,1700
84,1650
85,1600
86,1700
87,1800
88,1900
89,2000
90,2000
91,1950
92,1900
93,1850
94,1800
95,1900
96,1850
97,1800
98,1750
99,1850
100,1950
101,1900
102,2000
103,2000
104,2000
105,1950
106,2000
107,1950
108,2000
109,1950
110,1900
111,1850
112,1800
113,1750
114,1700
115,1650
116,1750
117,1700
118,1650
119,1600
120,1700
121,1650
122,1750
123,1700
124,1650
125,1750
126,1850
127,1950
128,2000
129,1950
130,2000
131,1950
132,1900
133,2000
134,1950
135,1900
136,1850
137,1950
138,2000
139,1950
140,1900
141,1850
142,1800
143,1750
144,1700
145,1650
146,1750
147,1850
148,1800
149,1750
150,1700
151,1800
152,1750
153,1700
154,1650
155,1600
156,1550
157,1650
158,1600
159,1700
160,1650
161,1600
162,1700
163,1650
164,1600
165,1700
166,1650
167,1750
168,1700
169,1800
170,1900
171,1850
172,1800
173,1750
174,1700
175,1650
176,1600
177,1550
178,1650
179,1600
180,1700
181,1800
182,1900
183,1850
184,1800
185,1900
186,2000
187,1950
188,1900
189,1850
190,1800
191,1900
192,2000
193,2000
194,2000
195,2000
196,1950
197,1900
198,1850
199,1950
200,1900
201,1850
202,1800
203,1900
204,1850
205,1800
206,1900
207,2000
208,2000
209,2000
210,2000
211,2000
212,1950
213,2000
214,2000
215,2000
216,2000
217,2000
218,2000
219,2000
220,2000
221,1950
222,1900
223,2000
224,2000
225,2000
226,1950
227,2000
228,2000
229,1950
230,1900
231,1850
232,1800
233,1900
234,1850
235,1950
236,2000
237,2000
238,1950
239,1900
240,2000
241,1950
242,2000
243,1950
244,2000
245,1950
246,1900
247,1850
248,1800
249,1750
250,1850
251,1950
252,2000
253,1950
254,2000
255,1950
256,1900
257,2000
258,2000
259,1950
260,2000
261,1950
262,2000
263,2000
264,2000
265,2000
266,1950
267,1900
268,2000
269,2000
270,2000
271,1950
272,2000
273,1950
274,2000
275,2000
276,2000
277,2000
278,2000
279,1950
280,2000
281,1950
282,2000
283,2000
284,1950
285,1900
286,1850
287,1800
288,1750
289,1700
290,1800
291,1750
292,1700
293,1650
294,1600
295,1550
296,1650
297,1600
298,1700
299,1800
300,1900
301,1850
302,1950
303,2000
304,2000
305,2000
306,1950
307,1900
308,2000
309,1950
310,2000
311,1950
312,1900
313,1850
314,1950
315,2000
316,2000
317,2000
318,1950
319,1900
320,2000
321,2000
322,1950
323,1900
324,1850
325,1800
326,1900
327,2000
328,1950
329,2000
330,1950
331,2000
332,2000
333,2000
334,2000
335,2000
336,1950
337,2000
338,2000
339,2000
340,1950
341,2000
342,2000
343,1950
344,1900
345,2000
346,1950
347,1900
348,1850
349,1950
350,1900
351,2000
352,1950
353,2000
354,2000
355,1950
356,2000
357,1950
358,2000
359,2000
360,2000
361,1950
362,2000
363,1950
364,2000
365,2000
366,1950
367,2000
368,2000
369,2000
370,2000
371,1950
372,2000
373,2000
374,2000
375,2000
376,1950
377,2000
378,1950
379,1900
380,1850
381,1800
382,1900
383,2000
384,1950
385,2000
386,1950
387,1900
388,2000
389,1950
390,2000
391,1950
392,1900
393,1850
394,1950
395,2000
396,1950
397,1900
398,2000
399,2000
400,2000
401,1950
402,1900
403,2000
404,2000
405,1950
406,2000
407,1950
408,1900
409,1850
410,1800
411,1750
412,1850
413,1800
414,1900
415,1850
416,1800
417,1900
418,2000
419,2000
420,2000
421,2000
422,2000
423,2000
424,1950
425,1900
426,2000
427,1950
428,2000
429,1950
430,1900
431,1850
432,1950
433,1900
434,2000
435,2000
436,2000
437,2000
438,2000
439,2000
440,2000
441,1950
442,2000
443,1950
444,2000
445,1950
446,1900
447,1850
448,1800
449,1900
450,2000
451,2000
452,2000
453,2000
454,2000
455,2000
456,1950
457,2000
458,2000
459,2000
460,2000
461,1950
462,1900
463,1850
464,1950
465,2000
466,1950
467,2000
468,1950
469,1900
470,1850
471,1800
472,1900
473,1850
474,1950
475,1900
476,1850
477,1800
478,1900
479,1850
480,1950
481,1900
482,1850
483,1950
484,2000
485,2000
486,1950
487,1900
488,1850
489,1800
490,1750
491,1850
492,1800
493,1900
494,2000
495,1950
496,1900
497,2000
498,2000
499,1950
500,2000
501,1950
502,1900
503,1850
504,1950
505,1900
506,2000
507,2000
508,2000
509,2000
510,2000
511,1950
512,2000
513,2000
514,1950
515,2000
516,2000
517,2000
518,1950
519,2000
520,1950
521,2000
522,2000
523,1950
524,2000
525,1950
526,2000
527,1950
528,1900
529,2000
530,2000
531,2000
532,1950
533,1900
534,1850
535,1950
536,2000
537,1950
538,1900
539,1850
540,1950
541,1900
542,2000
543,2000
544,2000
545,1950
546,2000
547,1950
548,2000
549,2000
550,1950
551,1900
552,1850
553,1950
554,2000
555,2000
556,2000
557,1950
558,2000
559,2000
560,2000
561,1950
562,2000
563,2000
564,2000
565,1950
566,2000
567,1950
568,2000
569,1950
570,1900
571,1850
572,1950
573,2000
574,2000
575,1950
576,2000
577,2000
578,2000
579,1950
580,1900
581,1850
582,1950
583,1900
584,2000
585,1950
586,1900
587,1850
588,1950
589,1900
590,1850
591,1950
592,1900
593,1850
594,1800
595,1750
596,1850
597,1950
598,2000
599,2000
600,1950
601,2000
602,2000
603,1950
604,2000
605,2000
606,2000
607,2000
608,2000
609,1950
610,1900
611,2000
612,2000
613,2000
614,1950
615,1900
616,1850
617,1950
618,2000
619,1950
620,1900
621,1850
622,1800
623,1750
624,1700
625,1650
626,1750
627,1850
628,1950
629,1900
630,2000
631,2000
632,2000
633,2000
634,2000
635,2000
636,1950
637,1900
638,2000
639,1950
640,2000
641,1950
642,1900
643,1850
644,1800
645,1750
646,1700
647,1650
648,1600
649,1550
650,1500
651,1600
652,1550
653,1500
654,1450
655,1550
656,1500
657,1450
658,1550
659,1500
660,1450
661,1550
662,1650
663,1750
664,1850
665,1800
666,1750
667,1850
668,1800
669,1900
670,1850
671,1800
672,1900
673,2000
674,1950
675,2000
676,1950
677,2000
678,1950
679,1900
680,2000
681,1950
682,1900
683,1850
684,1950
685,1900
686,1850
687,1950
688,1900
689,1850
690,1950
691,1900
692,1850
693,1950
694,2000
695,2000
696,2000
697,2000
698,2000
699,1950
700,2000
701,1950
702,2000
703,2000
704,2000
705,2000
706,1950
707,2000
708,2000
709,1950
710,1900
711,2000
712,2000
713,1950
714,1900
715,1850
716,1950
717,1900
718,2000
719,1950
720,2000
721,2000
722,2000
723,2000
724,2000
725,1950
726,2000
727,1950
728,2000
729,2000
730,1950
731,2000
732,2000
733,2000
734,2000
735,2000
736,2000
737,1950
738,1900
739,2000
740,2000
741,1950
742,1900
743,2000
744,2000
745,2000
746,2000
747,1950
748,2000
749,1950
750,2000
751,1950
752,2000
753,2000
754,2000
755,2000
756,2000
757,2000
758,1950
759,1900
760,1850
761,1800
762,1750
763,1700
764,1650
765,1600
766,1700
767,1800
768,1900
769,1850
770,1800
771,1750
772,1700
773,1650
774,1600
775,1700
776,1800
777,1900
778,1850
779,1950
780,2000
781,1950
782,1900
783,2000
784,2000
785,1950
786,1900
787,2000
788,2000
789,1950
790,2000
791,1950
792,2000
793,2000
794,1950
795,1900
796,2000
797,2000
798,1950
799,1900
800,2000
801,2000
802,1950
803,1900
804,2000
805,2000
806,2000
807,1950
808,1900
809,2000
810,2000
811,1950
812,2000
813,2000
814,1950
815,2000
816,1950
817,1900
818,2000
819,2000
820,1950
821,1900
822,1850
823,1950
824,1900
825,1850
826,1800
827,1750
828,1700
829,1650
830,1600
831,1700
832,1650
833,1750
834,1850
835,1800
836,1750
837,1850
838,1800
839,1750
840,1850
841,1950
842,1900
843,1850
844,1950
845,2000
846,2000
847,2000
848,2000
849,2000
850,2000
851,2000
852,2000
853,2000
854,2000
855,2000
856,1950
857,2000
858,1950
859,1900
860,1850
861,1800
862,1750
863,1850
864,1950
865,1900
866,2000
867,2000
868,1950
869,1900
870,1850
871,1800
872,1900
873,1850
874,1950
875,2000
876,2000
877,2000
878,2000
879,2000
880,2000
881,1950
882,1900
883,1850
884,1950
885,2000
886,1950
887,2000
888,2000
889,2000
890,1950
891,2000
892,2000
893,2000
894,2000
895,2000
896,2000
897,2000
898,2000
899,1950
900,2000
901,2000
902,1950
903,2000
904,1950
905,1900
906,1850
907,1800
908,1900
909,1850
910,1950
911,2000
912,2000
913,1950
914,2000
915,1950
916,2000
917,1950
918,1900
919,1850
920,1950
921,2000
922,2000
923,2000
924,2000
925,1950
926,1900
927,1850
928,1950
929,2000
930,2000
931,2000
932,2000
933,1950
934,1900
935,1850
936,1800
937,1750
938,1850
939,1800
940,1900
941,2000
942,2000
943,2000
944,1950
945,1900
946,1850
947,1950
948,2000
949,2000
950,2000
951,1950
952,1900
953,1850
954,1950
955,2000
956,1950
957,2000
958,2000
959,1950
960,1900
961,2000
962,1950
963,1900
964,2000
965,2000
966,1950
967,2000
968,1950
969,1900
970,1850
971,1800
972,1900
973,1850
974,1950
975,2000
976,1950
977,1900
978,2000
979,1950
980,1900
981,2000
982,1950
983,1900
984,2000
985,2000
986,2000
987,2000
988,1950
989,2000
990,2000
991,2000
992,1950
993,1900
994,2000
995,1950
996,1900
997,2000
998,2000
999,2000
1000,2000
1001,1950
1002,2000
1003,2000
1004,1950
1005,1900
1006,1850
1007,1800
1008,1750
1009,1850
1010,1950
1011,1900
1012,2000
1013,1950
1014,2000
1015,2000
1016,2000
1017,2000
1018,2000
1019,1950
1020,2000
1021,2000
1022,1950
1023,2000
1024,1950
1025,2000
1026,2000
1027,2000
1028,2000
1029,2000
1030,1950
1031,2000
1032,2000
1033,1950
1034,1900
1035,2000
1036,2000
1037,2000
1038,2000
1039,2000
1040,1950
1041,2000
1042,1950
1043,1900
1044,2000
1045,1950
1046,1900
1047,1850
1048,1950
1049,2000
1050,2000
1051,2000
1052,1950
1053,1900
1054,2000
1055,1950
1056,1900
1057,1850
1058,1950
1059,1900
1060,2000
1061,2000
1062,2000
1063,2000
1064,1950
1065,2000
1066,1950
1067,2000
1068,2000
1069,1950
1070,1900
1071,2000
1072,1950
1073,1900
1074,2000
1075,2000
1076,1950
1077,1900
1078,1850
1079,1800
1080,1900
1081,1850
1082,1800
1083,1750
1084,1850
1085,1800
1086,1900
1087,2000
1088,1950
1089,2000
1090,1950
1091,1900
1092,2000
1093,1950
1094,2000
1095,1950
1096,1900
1097,2000
1098,2000
1099,1950
1100,2000
1101,1950
1102,2000
1103,2000
1104,2000
1105,1950
1106,1900
1107,2000
1108,1950
1109,1900
1110,2000
1111,2000
1112,1950
1113,2000
1114,1950
1115,2000
1116,2000
1117,2000
1118,1950
1119,1900
1120,2000
1121,1950
1122,2000
1123,1950
1124,1900
1125,2000
1126,2000
1127,2000
1128,2000
1129,1950
1130,1900
1131,2000
1132,2000
1133,2000
1134,1950
1135,2000
1136,2000
1137,1950
1138,2000
1139,1950
1140,2000
1141,1950
1142,1900
1143,2000
1144,2000
1145,2000
1146,2000
1147,1950
1148,2000
1149,1950
1150,1900
1151,2000
1152,1950
1153,2000
1154,2000
1155,2000
1156,2000
1157,1950
1158,2000
1159,2000
1160,1950
1161,1900
1162,1850
1163,1950
1164,1900
1165,2000
1166,2000
1167,2000
1168,1950
1169,1900
1170,2000
1171,1950
1172,2000
1173,1950
1174,2000
1175,2000
1176,1950
1177,2000
1178,2000
1179,1950
1180,1900
1181,2000
1182,1950
1183,1900
1184,1850
1185,1950
1186,1900
1187,1850
1188,1950
1189,1900
1190,2000
1191,1950
1192,2000
1193,2000
1194,1950
1195,1900
1196,1850
1197,1800
1198,1900
1199,1850
1200,1800
1201,1900
1202,1850
1203,1950
1204,1900
1205,2000
1206,2000
1207,2000
1208,2000
1209,1950
1210,1900
1211,1850
1212,1950
1213,2000
1214,2000
1215,2000
1216,2000
1217,1950
1218,1900
1219,1850
1220,1950
1221,1900
1222,2000
1223,2000
1224,1950
1225,2000
1226,1950
1227,2000
1228,1950
1229,2000
1230,2000
1231,2000
1232,1950
1233,1900
1234,2000
1235,2000
1236,2000
1237,2000
1238,1950
1239,1900
1240,1850
1241,1800
1242,1750
1243,1700
1244,1800
1245,1750
1246,1850
1247,1800
1248,1900
1249,2000
1250,1950
1251,2000
1252,1950
1253,1900
1254,2000
1255,1950
1256,1900
1257,1850
1258,1800
1259,1750
1260,1850
1261,1800
1262,1750
1263,1700
1264,1800
1265,1750
1266,1850
1267,1800
1268,1900
1269,2000
1270,1950
1271,1900
1272,1850
1273,1950
1274,2000
1275,1950
1276,2000
1277,1950
1278,2000
1279,2000
1280,2000
1281,1950
1282,2000
1283,2000
1284,1950
1285,1900
1286,1850
1287,1800
1288,1750
1289,1700
1290,1800
1291,1900
1292,1850
1293,1800
1294,1900
1295,1850
1296,1800
1297,1900
1298,1850
1299,1950
1300,1900
1301,2000
1302,2000
1303,2000
1304,1950
1305,2000
1306,2000
1307,1950
1308,1900
1309,1850
1310,1950
1311,2000
1312,2000
1313,2000
1314,1950
1315,2000
1316,2000
1317,2000
1318,2000
1319,1950
1320,1900
1321,1850
1322,1950
1323,1900
1324,1850
1325,1950
1326,1900
1327,2000
1328,2000
1329,2000
1330,2000
1331,1950
1332,1900
1333,1850
1334,1800
1335,1900
1336,1850
1337,1800
1338,1900
1339,1850
1340,1950
1341,1900
1342,2000
1343,2000
1344,1950
1345,1900
1346,2000
1347,1950
1348,2000
1349,2000
1350,1950
1351,1900
1352,2000
1353,1950
1354,2000
1355,2000
1356,1950
1357,2000
1358,2000
1359,1950
1360,1900
1361,1850
1362,1950
1363,2000
1364,2000
1365,2000
1366,1950
1367,1900
1368,1850
1369,1950
1370,2000
1371,2000
1372,2000
1373,2000
1374,2000
1375,1950
1376,1900
1377,2000
1378,1950
1379,2000
1380,2000
1381,1950
1382,1900
1383,1850
1384,1800
1385,1750
1386,1700
1387,1650
1388,1600
1389,1550
1390,1650
1391,1600
1392,1700
1393,1650
1394,1750
1395,1850
1396,1950
1397,2000
1398,2000
1399,2000
1400,2000
1401,2000
1402,2000
1403,1950
1404,2000
1405,2000
1406,2000
1407,1950
1408,2000
1409,1950
1410,2000
1411,2000
1412,2000
1413,2000
1414,1950
1415,2000
1416,1950
1417,2000
1418,2000
1419,1950
1420,1900
1421,2000
1422,2000
1423,2000
1424,2000
1425,1950
1426,2000
1427,2000
1428,1950
1429,1900
1430,1850
1431,1950
1432,1900
1433,2000
1434,2000
1435,1950
1436,1900
1437,1850
1438,1950
1439,1900
1440,2000
1441,2000
1442,1950
1443,2000
1444,2000
1445,2000
1446,1950
1447,2000
1448,1950
1449,2000
1450,1950
1451,1900
1452,2000
1453,1950
1454,1900
1455,1850
1456,1800
1457,1750
1458,1700
1459,1650
1460,1750
1461,1700
1462,1650
1463,1600
1464,1700
1465,1650
1466,1600
1467,1700
1468,1650
1469,1750
1470,1850
1471,1950
1472,2000
1473,1950
1474,1900
1475,2000
1476,2000
1477,2000
1478,2000
1479,1950
1480,2000
1481,2000
1482,1950
1483,2000
1484,2000
1485,2000
1486,2000
1487,1950
1488,2000
1489,2000
1490,1950
1491,1900
1492,1850
1493,1800
1494,1750
1495,1850
1496,1950
1497,1900
1498,2000
1499,2000
1500,2000
1501,2000
1502,1950
1503,2000
1504,2000
1505,2000
1506,2000
1507,1950
1508,2000
1509,1950
1510,1900
1511,2000
1512,2000
1513,1950
1514,1900
1515,2000
1516,2000
1517,1950
1518,1900
1519,1850
1520,1800
1521,1900
1522,1850
1523,1800
1524,1750
1525,1850
1526,1800
1527,1900
1528,1850
1529,1950
1530,2000
1531,1950
1532,1900
1533,1850
1534,1950
1535,2000
1536,1950
1537,1900
1538,1850
1539,1800
1540,1750
1541,1850
1542,1950
1543,2000
1544,1950
1545,2000
1546,2000
1547,2000
1548,2000
1549,2000
1550,1950
1551,1900
1552,2000
1553,1950
1554,1900
1555,1850
1556,1950
1557,1900
1558,1850
1559,1800
1560,1750
1561,1850
1562,1800
1563,1900
1564,1850
1565,1800
1566,1750
1567,1700
1568,1800
1569,1900
1570,1850
1571,1800
1572,1900
1573,1850
1574,1950
1575,1900
1576,1850
1577,1950
1578,2000
1579,1950
1580,1900
1581,1850
1582,1800
1583,1750
1584,1700
1585,1650
1586,1750
1587,1700
1588,1650
1589,1600
1590,1550
1591,1500
1592,1450
1593,1550
1594,1650
1595,1600
1596,1700
1597,1650
1598,1750
1599,1700
1600,1650
1601,1750
1602,1850
1603,1950
1604,2000
1605,2000
1606,2000
1607,2000
1608,1950
1609,1900
1610,1850
1611,1950
1612,2000
1613,2000
1614,2000
1615,2000
1616,1950
1617,2000
1618,1950
1619,2000
1620,1950
1621,2000
1622,1950
1623,1900
1624,1850
1625,1950
1626,1900
1627,1850
1628,1950
1629,2000
1630,1950
1631,2000
1632,2000
1633,1950
1634,1900
1635,2000
1636,1950
1637,2000
1638,1950
1639,2000
1640,2000
1641,1950
1642,1900
1643,2000
1644,1950
1645,2000
1646,2000
1647,2000
1648,2000
1649,1950
1650,2000
1651,1950
1652,2000
1653,1950
1654,1900
1655,1850
1656,1950
1657,2000
1658,2000
1659,1950
1660,1900
1661,2000
1662,1950
1663,2000
1664,2000
1665,1950
1666,1900
1667,2000
1668,2000
1669,1950
1670,1900
1671,2000
1672,2000
1673,1950
1674,2000
1675,1950
1676,2000
1677,1950
1678,1900
1679,2000
1680,1950
1681,1900
1682,1850
1683,1800
1684,1750
1685,1700
1686,1650
1687,1750
1688,1700
1689,1800
1690,1750
1691,1850
1692,1800
1693,1750
1694,1850
1695,1800
1696,1900
1697,2000
1698,2000
1699,1950
1700,2000
1701,2000
1702,2000
1703,1950
1704,2000
1705,2000
1706,1950
1707,1900
1708,2000
1709,2000
1710,2000
1711,2000
1712,2000
1713,1950
1714,2000
1715,2000
1716,2000
1717,2000
1718,1950
1719,2000
1720,2000
1721,2000
1722,2000
1723,1950
1724,1900
1725,1850
1726,1950
1727,1900
1728,2000
1729,1950
1730,1900
1731,1850
1732,1800
1733,1750
1734,1850
1735,1950
1736,2000
1737,2000
1738,2000
1739,1950
1740,2000
1741,1950
1742,2000
1743,1950
1744,1900
1745,2000
1746,2000
1747,2000
1748,1950
1749,1900
1750,2000
1751,2000
1752,2000
1753,2000
1754,2000
1755,1950
1756,2000
1757,1950
1758,2000
1759,2000
1760,1950
1761,2000
1762,2000
1763,2000
1764,1950
1765,2000
1766,2000
1767,1950
1768,2000
1769,1950
1770,2000
1771,1950
1772,1900
1773,1850
1774,1800
1775,1900
1776,2000
1777,2000
1778,1950
1779,1900
1780,2000
1781,2000
1782,2000
1783,1950
1784,1900
1785,2000
1786,2000
1787,1950
1788,1900
1789,1850
1790,1950
1791,1900
1792,2000
1793,1950
1794,2000
1795,2000
1796,1950
1797,1900
1798,1850
1799,1800
1800,1900
1801,2000
1802,2000
1803,2000
1804,2000
1805,2000
1806,2000
1807,1950
1808,2000
1809,1950
1810,1900
1811,2000
1812,2000
1813,1950
1814,2000
1815,1950
1816,2000
1817,1950
1818,2000
1819,2000
1820,2000
1821,2000
1822,1950
1823,2000
1824,2000
1825,2000
1826,1950
1827,1900
1828,2000
1829,2000
1830,1950
1831,1900
1832,2000
1833,2000
1834,2000
1835,1950
1836,1900
1837,2000
1838,1950
1839,1900
1840,1850
1841,1950
1842,1900
1843,2000
1844,2000
1845,2000
1846,1950
1847,2000
1848,2000
1849,1950
1850,1900
1851,1850
1852,1800
1853,1750
1854,1700
1855,1650
1856,1600
1857,1700
1858,1650
1859,1600
1860,1550
1861,1650
1862,1750
1863,1700
1864,1800
1865,1750
1866,1700
1867,1800
1868,1900
1869,2000
1870,1950
1871,2000
1872,2000
1873,2000
1874,1950
1875,2000
1876,2000
1877,1950
1878,1900
1879,1850
1880,1950
1881,1900
1882,1850
1883,1950
1884,1900
1885,2000
1886,1950
1887,1900
1888,2000
1889,1950
1890,1900
1891,1850
1892,1950
1893,1900
1894,2000
1895,2000
1896,2000
1897,2000
1898,1950
1899,2000
1900,2000
1901,1950
1902,1900
1903,1850
1904,1800
1905,1750
1906,1700
1907,1800
1908,1750
1909,1850
1910,1950
1911,2000
1912,1950
1913,1900
1914,1850
1915,1950
1916,2000
1917,1950
1918,2000
1919,2000
1920,2000
1921,1950
1922,2000
1923,1950
1924,1900
1925,2000
1926,1950
1927,2000
1928,2000
1929,2000
1930,2000
1931,2000
1932,2000
1933,1950
1934,2000
1935,1950
1936,2000
1937,2000
1938,1950
1939,1900
1940,1850
1941,1800
1942,1900
1943,1850
1944,1950
1945,1900
1946,2000
1947,1950
1948,1900
1949,2000
1950,2000
1951,1950
1952,2000
1953,1950
1954,1900
1955,1850
1956,1950
1957,1900
1958,1850
1959,1950
1960,1900
1961,1850
1962,1950
1963,2000
1964,1950
1965,1900
1966,1850
1967,1800
1968,1750
1969,1850
1970,1950
1971,1900
1972,2000
1973,1950
1974,1900
1975,2000
1976,1950
1977,1900
1978,1850
1979,1800
1980,1750
1981,1700
1982,1650
1983,1600
1984,1550
1985,1500
1986,1450
1987,1400
1988,1350
1989,1300
1990,1250
1991,1200
1992,1150
1993,1250
1994,1200
1995,1150
1996,1250
1997,1200
1998,1300
1999,1400
2000,1500
2001,1450
2002,1400
2003,1500
2004,1450
2005,1400
2006,1350
2007,1300
2008,1250
2009,1350
2010,1300
2011,1400
2012,1500
2013,1600
2014,1700
2015,1800
2016,1900
2017,2000
2018,2000
2019,2000
2020,2000
2021,1950
2022,1900
2023,1850
2024,1800
2025,1900
2026,2000
2027,1950
2028,2000
2029,1950
2030,1900
2031,1850
2032,1950
2033,2000
2034,1950
2035,2000
2036,1950
2037,2000
2038,2000
2039,1950
2040,1900
2041,1850
2042,1800
2043,1900
2044,2000
2045,2000
2046,2000
2047,1950
2048,2000
2049,2000
2050,2000
2051,1950
2052,2000
2053,1950
2054,1900
2055,1850
2056,1950
2057,1900
2058,2000
2059,1950
2060,1900
2061,2000
2062,2000
2063,1950
2064,1900
2065,1850
2066,1800
2067,1750
2068,1850
2069,1950
2070,2000
2071,1950
2072,2000
2073,1950
2074,1900
2075,2000
2076,1950
2077,2000
2078,1950
2079,1900
2080,1850
2081,1950
2082,2000
2083,2000
2084,1950
2085,1900
2086,2000
2087,1950
2088,1900
2089,2000
2090,1950
2091,2000
2092,1950
2093,2000
2094,2000
2095,2000
2096,1950
2097,2000
2098,2000
2099,1950
2100,2000
2101,2000
2102,1950
2103,1900
2104,2000
2105,1950
2106,1900
2107,2000
2108,1950
2109,1900
2110,2000
2111,1950
2112,1900
2113,1850
2114,1800
2115,1750
2116,1850
2117,1950
2118,2000
2119,1950
2120,2000
2121,1950
2122,1900
2123,2000
2124,1950
2125,2000
2126,1950
2127,1900
2128,2000
2129,2000
2130,2000
2131,1950
2132,1900
2133,1850
2134,1950
2135,2000
2136,1950
2137,1900
2138,2000
2139,2000
2140,2000
2141,2000
2142,2000
2143,2000
2144,2000
2145,1950
2146,2000
2147,2000
2148,2000
2149,2000
2150,2000
2151,2000
2152,1950
2153,1900
2154,2000
2155,2000
2156,2000
2157,2000
2158,1950
2159,1900
2160,2000
2161,2000
2162,2000
2163,2000
2164,2000
2165,1950
2166,2000
2167,1950
2168,1900
2169,2000
2170,2000
2171,2000
2172,1950
2173,1900
2174,1850
2175,1800
2176,1750
2177,1700
2178,1650
2179,1750
2180,1850
2181,1950
2182,2000
2183,1950
2184,2000
2185,2000
2186,2000
2187,1950
2188,1900
2189,1850
2190,1950
2191,2000
2192,2000
2193,1950
2194,2000
2195,1950
2196,1900
2197,2000
2198,1950
2199,2000
2200,1950
2201,1900
2202,1850
2203,1800
2204,1750
2205,1850
2206,1950
2207,1900
2208,1850
2209,1800
2210,1750
2211,1850
2212,1800
2213,1750
2214,1700
2215,1650
2216,1750
2217,1700
2218,1650
2219,1600
2220,1550
2221,1500
2222,1600
2223,1700
2224,1650
2225,1750
2226,1700
2227,1650
2228,1750
2229,1700
2230,1650
2231,1750
2232,1700
2233,1650
2234,1750
2235,1700
2236,1800
2237,1750
2238,1850
2239,1800
2240,1900
2241,2000
2242,2000
2243,1950
2244,2000
2245,1950
2246,1900
2247,2000
2248,2000
2249,1950
2250,1900
2251,1850
2252,1950
2253,2000
2254,2000
2255,2000
2256,2000
2257,1950
2258,2000
2259,2000
2260,2000
2261,1950
2262,1900
2263,1850
2264,1800
2265,1750
2266,1700
2267,1800
2268,1900
2269,2000
2270,2000
2271,2000
2272,2000
2273,2000
2274,2000
2275,1950
2276,1900
2277,2000
2278,1950
2279,1900
2280,1850
2281,1950
2282,2000
2283,1950
2284,1900
2285,1850
2286,1950
2287,1900
2288,2000
2289,1950
2290,1900
2291,1850
2292,1800
2293,1750
2294,1850
2295,1950
2296,1900
2297,1850
2298,1950
2299,1900
2300,2000
2301,2000
2302,2000
2303,1950
2304,1900
2305,2000
2306,1950
2307,2000
2308,1950
2309,1900
2310,1850
2311,1950
2312,1900
2313,1850
2314,1800
2315,1750
2316,1850
2317,1950
2318,2000
2319,1950
2320,1900
2321,2000
2322,2000
2323,1950
2324,2000
2325,1950
2326,2000
2327,1950
2328,2000
2329,1950
2330,1900
2331,1850
2332,1800
2333,1750
2334,1700
2335,1800
2336,1900
2337,2000
2338,1950
2339,1900
2340,1850
2341,1800
2342,1750
2343,1850
2344,1800
2345,1750
2346,1850
2347,1800
2348,1900
2349,1850
2350,1950
2351,1900
2352,2000
2353,2000
2354,1950
2355,2000
2356,2000
2357,1950
2358,1900
2359,2000
2360,1950
2361,1900
2362,1850
2363,1950
2364,2000
2365,2000
2366,1950
2367,1900
2368,1850
2369,1950
2370,2000
2371,1950
2372,1900
2373,2000
2374,2000
2375,2000
2376,2000
2377,2000
2378,2000
2379,1950
2380,2000
2381,2000
2382,2000
2383,1950
2384,2000
2385,2000
2386,1950
2387,1900
2388,2000
2389,2000
2390,1950
2391,1900
2392,2000
2393,2000
2394,1950
2395,1900
2396,2000
2397,2000
2398,2000
2399,1950
2400,1900
2401,2000
2402,2000
2403,2000
2404,2000
2405,1950
2406,1900
2407,2000
2408,2000
2409,2000
2410,1950
2411,1900
2412,1850
2413,1950
2414,1900
2415,1850
2416,1950
2417,2000
2418,1950
2419,2000
2420,1950
2421,2000
2422,2000
2423,1950
2424,1900
2425,1850
2426,1950
2427,1900
2428,2000
2429,2000
2430,1950
2431,1900
2432,1850
2433,1950
2434,2000
2435,2000
2436,2000
2437,2000
2438,2000
2439,1950
2440,2000
2441,1950
2442,1900
2443,1850
2444,1950
2445,2000
2446,2000
2447,1950
2448,1900
2449,1850
2450,1950
2451,1900
2452,2000
2453,2000
2454,1950
2455,1900
2456,1850
2457,1950
2458,2000
2459,2000
2460,2000
2461,2000
2462,1950
2463,1900
2464,2000
2465,1950
2466,2000
2467,2000
2468,1950
2469,1900
2470,1850
2471,1800
2472,1750
2473,1850
2474,1800
2475,1900
2476,1850
2477,1800
2478,1900
2479,1850
2480,1950
2481,1900
2482,1850
2483,1800
2484,1750
2485,1850
2486,1950
2487,2000
2488,1950
2489,1900
2490,1850
2491,1950
2492,2000
2493,2000
2494,1950
2495,1900
2496,2000
2497,1950
2498,2000
2499,1950
2500,2000
2501,1950
2502,2000
2503,2000
2504,2000
2505,2000
2506,2000
2507,2000
2508,2000
2509,2000
2510,2000
2511,1950
2512,2000
2513,2000
2514,2000
2515,2000
2516,2000
2517,1950
2518,2000
2519,1950
2520,2000
2521,1950
2522,1900
2523,1850
2524,1800
2525,1900
2526,2000
2527,2000
2528,1950
2529,2000
2530,1950
2531,1900
2532,1850
2533,1950
2534,1900
2535,2000
2536,1950
2537,1900
2538,1850
2539,1800
2540,1900
2541,1850
2542,1800
2543,1900
2544,1850
2545,1800
2546,1900
2547,1850
2548,1950
2549,2000
2550,1950
2551,2000
2552,1950
2553,2000
2554,2000
2555,2000
2556,1950
2557,2000
2558,1950
2559,1900
2560,1850
2561,1800
2562,1750
2563,1700
2564,1800
2565,1750
2566,1700
2567,1650
2568,1750
2569,1850
2570,1800
2571,1900
2572,1850
2573,1950
2574,1900
2575,1850
2576,1800
2577,1900
2578,1850
2579,1800
2580,1750
2581,1700
2582,1800
2583,1750
2584,1850
2585,1950
2586,1900
2587,2000
2588,2000
2589,2000
2590,1950
2591,1900
2592,2000
2593,1950
2594,1900
2595,1850
2596,1950
2597,1900
2598,2000
2599,2000
2600,2000
2601,1950
2602,1900
2603,1850
2604,1950
2605,2000
2606,2000
2607,2000
2608,2000
2609,1950
2610,1900
2611,1850
2612,1800
2613,1900
2614,1850
2615,1950
2616,1900
2617,2000
2618,2000
2619,1950
2620,2000
2621,2000
2622,1950
2623,2000
2624,1950
2625,1900
2626,1850
2627,1950
2628,2000
2629,1950
2630,1900
2631,1850
2632,1950
2633,1900
2634,2000
2635,1950
2636,2000
2637,2000
2638,2000
2639,1950
2640,2000
2641,2000
2642,2000
2643,1950
2644,1900
2645,2000
2646,2000
2647,2000
2648,2000
2649,1950
2650,2000
2651,2000
2652,1950
2653,2000
2654,1950
2655,1900
2656,1850
2657,1950
2658,2000
2659,2000
2660,2000
2661,2000
2662,1950
2663,1900
2664,1850
2665,1800
2666,1750
2667,1850
2668,1950
2669,1900
2670,1850
2671,1800
2672,1750
2673,1850
2674,1950
2675,1900
2676,2000
2677,2000
2678,1950
2679,2000
2680,2000
2681,1950
2682,2000
2683,1950
2684,2000
2685,1950
2686,1900
2687,2000
2688,1950
2689,2000
2690,2000
2691,1950
2692,1900
2693,1850
2694,1800
2695,1750
2696,1700
2697,1800
2698,1900
2699,1850
2700,1800
2701,1750
2702,1850
2703,1950
2704,2000
2705,2000
2706,1950
2707,2000
2708,1950
2709,2000
2710,1950
2711,1900
2712,1850
2713,1800
2714,1900
2715,1850
2716,1800
2717,1750
2718,1850
2719,1800
2720,1900
2721,1850
2722,1800
2723,1900
2724,1850
2725,1800
2726,1900
2727,2000
2728,2000
2729,1950
2730,1900
2731,1850
2732,1950
2733,2000
2734,1950
2735,2000
2736,1950
2737,1900
2738,1850
2739,1950
2740,2000
2741,2000
2742,1950
2743,1900
2744,2000
2745,1950
2746,2000
2747,2000
2748,1950
2749,1900
2750,2000
2751,1950
2752,2000
2753,2000
2754,1950
2755,2000
2756,2000
2757,1950
2758,1900
2759,1850
2760,1800
2761,1900
2762,1850
2763,1950
2764,1900
2765,1850
2766,1800
2767,1750
2768,1850
2769,1950
2770,2000
2771,1950
2772,2000
2773,2000
2774,1950
2775,2000
2776,1950
2777,2000
2778,1950
2779,2000
2780,2000
2781,1950
2782,1900
2783,1850
2784,1950
2785,2000
2786,2000
2787,1950
2788,1900
2789,1850
2790,1800
2791,1750
2792,1850
2793,1800
2794,1750
2795,1850
2796,1800
2797,1900
2798,2000
2799,1950
2800,1900
2801,1850
2802,1800
2803,1750
2804,1850
2805,1950
2806,2000
2807,1950
2808,1900
2809,1850
2810,1950
2811,2000
2812,1950
2813,1900
2814,2000
2815,2000
2816,1950
2817,1900
2818,2000
2819,1950
2820,1900
2821,2000
2822,2000
2823,2000
2824,1950
2825,1900
2826,1850
2827,1950
2828,1900
2829,1850
2830,1800
2831,1750
2832,1850
2833,1950
2834,2000
2835,2000
2836,1950
2837,1900
2838,1850
2839,1950
2840,2000
2841,1950
2842,2000
2843,1950
2844,1900
2845,2000
2846,2000
2847,1950
2848,1900
2849,1850
2850,1950
2851,2000
2852,1950
2853,2000
2854,1950
2855,2000
2856,2000
2857,2000
2858,2000
2859,2000
2860,2000
2861,1950
2862,1900
2863,1850
2864,1800
2865,1750
2866,1700
2867,1650
2868,1600
2869,1700
2870,1800
2871,1750
2872,1850
2873,1950
2874,1900
2875,1850
2876,1800
2877,1750
2878,1850
2879,1800
2880,1750
2881,1700
2882,1650
2883,1600
2884,1700
2885,1650
2886,1600
2887,1550
2888,1650
2889,1600
2890,1550
2891,1500
2892,1450
2893,1550
2894,1650
2895,1750
2896,1700
2897,1800
2898,1900
2899,1850
2900,1800
2901,1900
2902,2000
2903,2000
2904,1950
2905,1900
2906,2000
2907,2000
2908,2000
2909,1950
2910,1900
2911,1850
2912,1800
2913,1900
2914,1850
2915,1950
2916,2000
2917,1950
2918,2000
2919,2000
2920,1950
2921,2000
2922,1950
2923,1900
2924,2000
2925,1950
2926,2000
2927,1950
2928,1900
2929,2000
2930,2000
2931,2000
2932,2000
2933,2000
2934,2000
2935,2000
2936,1950
2937,2000
2938,1950
2939,1900
2940,1850
2941,1950
2942,1900
2943,1850
2944,1950
2945,1900
2946,1850
2947,1950
2948,2000
2949,1950
2950,2000
2951,1950
2952,2000
2953,2000
2954,1950
2955,1900
2956,2000
2957,2000
2958,1950
2959,2000
2960,2000
2961,1950
2962,1900
2963,1850
2964,1800
2965,1900
2966,2000
2967,2000
2968,2000
2969,1950
2970,2000
2971,1950
2972,2000
2973,2000
2974,1950
2975,2000
2976,1950
2977,1900
2978,1850
2979,1800
2980,1750
2981,1700
2982,1650
2983,1600
2984,1550
2985,1500
2986,1450
2987,1400
2988,1350
2989,1300
2990,1250
2991,1200
2992,1150
2993,1250
2994,1200
2995,1150
2996,1100
2997,1050
2998,1150
2999,1250
3000,1350
3001,1300
3002,1400
3003,1500
3004,1600
3005,1550
3006,1650
3007,1750
3008,1850
3009,1800
3010,1900
3011,2000
3012,2000
3013,1950
3014,1900
3015,2000
3016,1950
3017,1900
3018,1850
3019,1800
3020,1750
3021,1850
3022,1800
3023,1750
3024,1700
3025,1650
3026,1750
3027,1700
3028,1800
3029,1900
3030,1850
3031,1800
3032,1750
3033,1700
3034,1800
3035,1900
3036,2000
3037,2000
3038,2000
3039,1950
3040,1900
3041,2000
3042,2000
3043,1950
3044,2000
3045,2000
3046,2000
3047,1950
3048,2000
3049,2000
3050,2000
3051,1950
3052,1900
3053,2000
3054,1950
3055,1900
3056,1850
3057,1800
3058,1900
3059,2000
3060,1950
3061,1900
3062,2000
3063,2000
3064,1950
3065,1900
3066,2000
3067,1950
3068,1900
3069,2000
3070,2000
3071,1950
3072,1900
3073,2000
3074,1950
3075,1900
3076,1850
3077,1800
3078,1750
3079,1850
3080,1800
3081,1750
3082,1700
3083,1800
3084,1900
3085,2000
3086,1950
3087,1900
3088,2000
3089,2000
3090,2000
3091,1950
3092,2000
3093,2000
3094,2000
3095,1950
3096,1900
3097,1850
3098,1950
3099,1900
3100,1850
3101,1950
3102,1900
3103,1850
3104,1800
3105,1750
3106,1700
3107,1650
3108,1600
3109,1700
3110,1800
3111,1750
3112,1700
3113,1650
3114,1750
3115,1700
3116,1650
3117,1600
3118,1700
3119,1650
3120,1750
3121,1700
3122,1650
3123,1750
3124,1850
3125,1950
3126,1900
3127,2000
3128,2000
3129,2000
3130,1950
3131,2000
3132,1950
3133,2000
3134,2000
3135,2000
3136,2000
3137,2000
3138,2000
3139,1950
3140,2000
3141,1950
3142,1900
3143,2000
3144,2000
3145,2000
3146,2000
3147,2000
3148,1950
3149,2000
3150,2000
3151,2000
3152,1950
3153,2000
3154,1950
3155,2000
3156,2000
3157,1950
3158,1900
3159,1850
3160,1800
3161,1900
3162,1850
3163,1800
3164,1750
3165,1700
3166,1800
3167,1900
3168,2000
3169,2000
3170,1950
3171,2000
3172,2000
3173,2000
3174,1950
3175,1900
3176,2000
3177,1950
3178,2000
3179,1950
3180,2000
3181,2000
3182,2000
3183,2000
3184,1950
3185,1900
3186,2000
3187,1950
3188,2000
3189,1950
3190,2000
3191,1950
3192,2000
3193,2000
3194,1950
3195,2000
3196,1950
3197,2000
3198,1950
3199,2000
3200,1950
3201,1900
3202,2000
3203,1950
3204,1900
3205,2000
3206,2000
3207,1950
3208,1900
3209,1850
3210,1950
3211,1900
3212,1850
3213,1950
3214,1900
3215,2000
3216,1950
3217,1900
3218,2000
3219,2000
3220,1950
3221,1900
3222,2000
3223,2000
3224,1950
3225,1900
3226,1850
3227,1950
3228,2000
3229,1950
3230,1900
3231,1850
3232,1800
3233,1750
3234,1850
3235,1800
3236,1750
3237,1850
3238,1950
3239,1900
3240,2000
3241,1950
3242,1900
3243,2000
3244,2000
3245,2000
3246,2000
3247,2000
3248,2000
3249,2000
3250,2000
3251,1950
3252,1900
3253,2000
3254,2000
3255,1950
3256,1900
3257,1850
3258,1800
3259,1750
3260,1700
3261,1800
3262,1900
3263,2000
3264,1950
3265,2000
3266,1950
3267,2000
3268,2000
3269,2000
3270,1950
3271,2000
3272,2000
3273,1950
3274,1900
3275,2000
3276,1950
3277,2000
3278,1950
3279,2000
3280,2000
3281,1950
3282,1900
3283,1850
3284,1800
3285,1750
3286,1850
3287,1950
3288,1900
3289,2000
3290,2000
3291,2000
3292,2000
3293,1950
3294,2000
3295,1950
3296,1900
3297,1850
3298,1800
3299,1900
3300,1850
3301,1950
3302,1900
3303,2000
3304,2000
3305,1950
3306,2000
3307,2000
3308,2000
3309,2000
3310,2000
3311,1950
3312,2000
3313,1950
3314,2000
3315,1950
3316,2000
3317,2000
3318,1950
3319,1900
3320,1850
3321,1950
3322,2000
3323,2000
3324,1950
3325,1900
3326,2000
3327,2000
3328,1950
3329,2000
3330,2000
3331,1950
3332,2000
3333,2000
3334,2000
3335,2000
3336,1950
3337,2000
3338,1950
3339,2000
3340,1950
3341,2000
3342,1950
3343,2000
3344,1950
3345,2000
3346,1950
3347,2000
3348,1950
3349,2000
3350,1950
3351,1900
3352,1850
3353,1800
3354,1900
3355,2000
3356,2000
3357,2000
3358,1950
3359,2000
3360,2000
3361,1950
3362,2000
3363,1950
3364,1900
3365,2000
3366,1950
3367,1900
3368,2000
3369,1950
3370,1900
3371,2000
3372,1950
3373,1900
3374,2000
3375,2000
3376,1950
3377,1900
3378,2000
3379,2000
3380,1950
3381,1900
3382,2000
3383,2000
3384,1950
3385,2000
3386,2000
3387,2000
3388,1950
3389,1900
3390,2000
3391,1950
3392,2000
3393,1950
3394,2000
3395,2000
3396,1950
3397,2000
3398,1950
3399,1900
3400,2000
3401,1950
3402,1900
3403,1850
3404,1800
3405,1750
3406,1850
3407,1800
3408,1900
3409,2000
3410,2000
3411,1950
3412,1900
3413,2000
3414,1950
3415,2000
3416,2000
3417,1950
3418,1900
3419,2000
3420,1950
3421,1900
3422,1850
3423,1950
3424,1900
3425,2000
3426,1950
3427,1900
3428,2000
3429,1950
3430,2000
3431,2000
3432,1950
3433,2000
3434,2000
3435,2000
3436,2000
3437,1950
3438,1900
3439,1850
3440,1800
3441,1750
3442,1700
3443,1800
3444,1900
3445,2000
3446,2000
3447,2000
3448,1950
3449,2000
3450,1950
3451,1900
3452,2000
3453,1950
3454,1900
3455,1850
3456,1800
3457,1900
3458,2000
3459,1950
3460,2000
3461,2000
3462,1950
3463,1900
3464,2000
3465,2000
3466,2000
3467,1950
3468,1900
3469,2000
3470,2000
3471,2000
3472,1950
3473,2000
3474,1950
3475,2000
3476,2000
3477,2000
3478,1950
3479,2000
3480,1950
3481,1900
3482,1850
3483,1950
3484,2000
3485,1950
3486,1900
3487,2000
3488,2000
3489,1950
3490,2000
3491,2000
3492,1950
3493,1900
3494,2000
3495,2000
3496,1950
3497,2000
3498,2000
3499,2000
3500,2000
3501,2000
3502,1950
3503,2000
3504,1950
3505,2000
3506,1950
3507,2000
3508,1950
3509,1900
3510,1850
3511,1800
3512,1900
3513,2000
3514,1950
3515,1900
3516,1850
3517,1800
3518,1750
3519,1700
3520,1650
3521,1600
3522,1550
3523,1500
3524,1450
3525,1550
3526,1650
3527,1750
3528,1700
3529,1650
3530,1750
3531,1850
3532,1950
3533,1900
3534,2000
3535,1950
3536,2000
3537,2000
3538,2000
3539,1950
3540,1900
3541,1850
3542,1950
3543,1900
3544,2000
3545,1950
3546,2000
3547,2000
3548,1950
3549,2000
3550,1950
3551,2000
3552,2000
3553,2000
3554,1950
3555,1900
3556,2000
3557,1950
3558,1900
3559,2000
3560,1950
3561,2000
3562,2000
3563,1950
3564,1900
3565,2000
3566,2000
3567,2000
3568,1950
3569,1900
3570,2000
3571,1950
3572,2000
3573,1950
3574,1900
3575,1850
3576,1950
3577,1900
3578,1850
3579,1950
3580,1900
3581,1850
3582,1800
3583,1750
3584,1700
3585,1800
3586,1750
3587,1700
3588,1650
3589,1750
3590,1700
3591,1800
3592,1750
3593,1850
3594,1950
3595,2000
3596,2000
3597,1950
3598,1900
3599,2000
3600,1950
3601,2000
3602,2000
3603,1950
3604,1900
3605,2000
3606,1950
3607,2000
3608,2000
3609,1950
3610,2000
3611,1950
3612,2000
3613,1950
3614,1900
3615,1850
3616,1800
3617,1900
3618,1850
3619,1950
3620,1900
3621,2000
3622,1950
3623,2000
3624,2000
3625,2000
3626,2000
3627,2000
3628,1950
3629,1900
3630,1850
3631,1950
3632,1900
3633,1850
3634,1800
3635,1900
3636,2000
3637,2000
3638,2000
3639,2000
3640,2000
3641,1950
3642,1900
3643,1850
3644,1800
3645,1750
3646,1850
3647,1950
3648,2000
3649,2000
3650,1950
3651,1900
3652,2000
3653,2000
3654,2000
3655,1950
3656,1900
3657,2000
3658,2000
3659,2000
3660,2000
3661,2000
3662,2000
3663,2000
3664,2000
3665,1950
3666,1900
3667,2000
3668,2000
3669,2000
3670,2000
3671,2000
3672,1950
3673,1900
3674,2000
3675,1950
3676,2000
3677,2000
3678,2000
3679,2000
3680,2000
3681,2000
3682,1950
3683,2000
3684,2000
3685,1950
3686,2000
3687,1950
3688,1900
3689,1850
3690,1800
3691,1900
3692,2000
3693,2000
3694,2000
3695,2000
3696,1950
3697,2000
3698,2000
3699,2000
3700,1950
3701,2000
3702,2000
3703,1950
3704,1900
3705,1850
3706,1800
3707,1750
3708,1850
3709,1950
3710,1900
3711,1850
3712,1800
3713,1900
3714,2000
3715,1950
3716,2000
3717,1950
3718,2000
3719,1950
3720,2000
3721,1950
3722,2000
3723,2000
3724,1950
3725,1900
3726,2000
3727,2000
3728,2000
3729,2000
3730,2000
3731,2000
3732,2000
3733,2000
3734,1950
3735,2000
3736,1950
3737,1900
3738,1850
3739,1950
3740,2000
3741,2000
3742,2000
3743,2000
3744,1950
3745,2000
3746,2000
3747,1950
3748,1900
3749,2000
3750,1950
3751,2000
3752,1950
3753,2000
3754,1950
3755,2000
3756,2000
3757,1950
3758,1900
3759,1850
3760,1800
3761,1750
3762,1700
3763,1650
3764,1750
3765,1850
3766,1950
3767,2000
3768,1950
3769,2000
3770,2000
3771,1950
3772,2000
3773,1950
3774,1900
3775,2000
3776,2000
3777,2000
3778,1950
3779,1900
3780,2000
3781,2000
3782,2000
3783,2000
3784,2000
3785,2000
3786,1950
3787,1900
3788,1850
3789,1800
3790,1900
3791,1850
3792,1950
3793,1900
3794,1850
3795,1800
3796,1900
3797,1850
3798,1950
3799,1900
3800,1850
3801,1800
3802,1900
3803,1850
3804,1950
3805,2000
3806,2000
3807,2000
3808,2000
3809,1950
3810,1900
3811,1850
3812,1800
3813,1900
3814,2000
3815,1950
3816,1900
3817,2000
3818,1950
3819,2000
3820,1950
3821,1900
3822,2000
3823,2000
3824,2000
3825,2000
3826,1950
3827,2000
3828,1950
3829,1900
3830,2000
3831,2000
3832,2000
3833,1950
3834,2000
3835,2000
3836,2000
3837,2000
3838,2000
3839,1950
3840,1900
3841,2000
3842,1950
3843,2000
3844,2000
3845,1950
3846,2000
3847,1950
3848,2000
3849,1950
3850,2000
3851,2000
3852,1950
3853,1900
3854,1850
3855,1950
3856,2000
3857,1950
3858,2000
3859,1950
3860,2000
3861,1950
3862,1900
3863,1850
3864,1800
3865,1900
3866,1850
3867,1800
3868,1750
3869,1700
3870,1650
3871,1750
3872,1850
3873,1800
3874,1750
3875,1850
3876,1800
3877,1750
3878,1850
3879,1800
3880,1750
3881,1700
3882,1800
3883,1750
3884,1700
3885,1650
3886,1600
3887,1550
3888,1500
3889,1600
3890,1700
3891,1800
3892,1750
3893,1700
3894,1800
3895,1750
3896,1700
3897,1650
3898,1750
3899,1850
3900,1950
3901,1900
3902,2000
3903,2000
3904,2000
3905,1950
3906,2000
3907,2000
3908,2000
3909,1950
3910,2000
3911,1950
3912,1900
3913,2000
3914,2000
3915,1950
3916,2000
3917,2000
3918,2000
3919,1950
3920,2000
3921,2000
3922,2000
3923,2000
3924,2000
3925,2000
3926,2000
3927,1950
3928,2000
3929,2000
3930,2000
3931,2000
3932,2000
3933,2000
3934,2000
3935,1950
3936,2000
3937,2000
3938,2000
3939,2000
3940,2000
3941,2000
3942,2000
3943,2000
3944,2000
3945,2000
3946,1950
3947,1900
3948,2000
3949,1950
3950,1900
3951,2000
3952,1950
3953,2000
3954,2000
3955,2000
3956,2000
3957,2000
3958,1950
3959,2000
3960,2000
3961,1950
3962,1900
3963,1850
3964,1950
3965,1900
3966,1850
3967,1950
3968,1900
3969,1850
3970,1950
3971,1900
3972,1850
3973,1800
3974,1750
3975,1850
3976,1800
3977,1750
3978,1850
3979,1950
3980,2000
3981,1950
3982,2000
3983,2000
3984,2000
3985,1950
3986,1900
3987,1850
3988,1800
3989,1750
3990,1850
3991,1800
3992,1750
3993,1700
3994,1650
3995,1750
3996,1700
3997,1800
3998,1900
3999,1850
4000,1800
4001,1750
4002,1850
4003,1950
4004,2000
4005,1950
4006,2000
4007,1950
4008,2000
4009,1950
4010,1900
4011,1850
4012,1950
4013,2000
4014,2000
4015,1950
4016,2000
4017,1950
4018,2000
4019,2000
4020,1950
4021,2000
4022,2000
4023,1950
4024,1900
4025,1850
4026,1950
4027,2000
4028,1950
4029,1900
4030,2000
4031,2000
4032,1950
4033,2000
4034,1950
4035,2000
4036,2000
4037,1950
4038,1900
4039,2000
4040,2000
4041,1950
4042,1900
4043,1850
4044,1950
4045,1900
4046,2000
4047,2000
4048,1950
4049,1900
4050,1850
4051,1800
4052,1900
4053,1850
4054,1950
4055,1900
4056,1850
4057,1800
4058,1750
4059,1850
4060,1800
4061,1900
4062,1850
4063,1800
4064,1750
4065,1850
4066,1800
4067,1900
4068,2000
4069,2000
4070,1950
4071,1900
4072,1850
4073,1800
4074,1900
4075,1850
4076,1800
4077,1750
4078,1700
4079,1800
4080,1900
4081,2000
4082,1950
4083,1900
4084,2000
4085,1950
4086,1900
4087,2000
4088,1950
4089,1900
4090,1850
4091,1950
4092,2000
4093,1950
4094,2000
4095,1950
4096,2000
4097,2000
4098,1950
4099,2000
4100,2000
4101,2000
4102,1950
4103,2000
4104,1950
4105,1900
4106,2000
4107,2000
4108,2000
4109,2000
4110,1950
4111,1900
4112,2000
4113,1950
4114,2000
4115,2000
4116,2000
4117,1950
4118,2000
4119,1950
4120,2000
4121,2000
4122,2000
4123,2000
4124,1950
4125,2000
4126,1950
4127,1900
4128,1850
4129,1800
4130,1750
4131,1850
4132,1950
4133,1900
4134,1850
4135,1950
4136,2000
4137,2000
4138,2000
4139,1950
4140,1900
4141,2000
4142,2000
4143,1950
4144,1900
4145,1850
4146,1800
4147,1900
4148,1850
4149,1800
4150,1900
4151,1850
4152,1950
4153,1900
4154,1850
4155,1950
4156,1900
4157,2000
4158,2000
4159,2000
4160,2000
4161,2000
4162,1950
4163,2000
4164,1950
4165,2000
4166,1950
4167,1900
4168,1850
4169,1800
4170,1900
4171,2000
4172,2000
4173,1950
4174,2000
4175,2000
4176,2000
4177,2000
4178,2000
4179,1950
4180,2000
4181,2000
4182,2000
4183,2000
4184,1950
4185,2000
4186,2000
4187,2000
4188,2000
4189,1950
4190,1900
4191,2000
4192,2000
4193,2000
4194,2000
4195,2000
4196,1950
4197,1900
4198,2000
4199,2000
4200,1950
4201,1900
4202,1850
4203,1800
4204,1900
4205,2000
4206,1950
4207,1900
4208,2000
4209,2000
4210,2000
4211,1950
4212,1900
4213,2000
4214,1950
4215,1900
4216,2000
4217,1950
4218,1900
4219,1850
4220,1800
4221,1900
4222,1850
4223,1800
4224,1750
4225,1700
4226,1650
4227,1750
4228,1850
4229,1950
4230,2000
4231,1950
4232,1900
4233,1850
4234,1800
4235,1900
4236,1850
4237,1950
4238,2000
4239,2000
4240,2000
4241,1950
4242,1900
4243,1850
4244,1800
4245,1900
4246,2000
4247,1950
4248,2000
4249,2000
4250,2000
4251,1950
4252,2000
4253,1950
4254,2000
4255,1950
4256,1900
4257,2000
4258,1950
4259,1900
4260,2000
4261,2000
4262,1950
4263,1900
4264,2000
4265,1950
4266,1900
4267,2000
4268,2000
4269,2000
4270,2000
4271,2000
4272,1950
4273,1900
4274,1850
4275,1800
4276,1900
4277,2000
4278,2000
4279,2000
4280,1950
4281,2000
4282,1950
4283,2000
4284,2000
4285,1950
4286,2000
4287,2000
4288,1950
4289,2000
4290,1950
4291,2000
4292,2000
4293,2000
4294,2000
4295,1950
4296,1900
4297,2000
4298,1950
4299,2000
4300,2000
4301,2000
4302,1950
4303,1900
4304,1850
4305,1800
4306,1900
4307,2000
4308,2000
4309,1950
4310,1900
4311,2000
4312,2000
4313,2000
4314,1950
4315,1900
4316,1850
4317,1800
4318,1900
4319,1850
4320,1950
4321,2000
4322,2000
4323,2000
4324,2000
4325,2000
4326,1950
4327,1900
4328,1850
4329,1800
4330,1900
4331,2000
4332,1950
4333,2000
4334,2000
4335,2000
4336,1950
4337,1900
4338,2000
4339,2000
4340,1950
4341,1900
4342,2000
4343,2000
4344,1950
4345,1900
4346,2000
4347,2000
4348,2000
4349,2000
4350,2000
4351,2000
4352,1950
4353,2000
4354,1950
4355,2000
4356,2000
4357,1950
4358,1900
4359,2000
4360,1950
4361,1900
4362,1850
4363,1950
4364,2000
4365,1950
4366,1900
4367,1850
4368,1800
4369,1750
4370,1850
4371,1950
4372,1900
4373,1850
4374,1800
4375,1750
4376,1700
4377,1650
4378,1750
4379,1700
4380,1800
4381,1900
4382,2000
4383,1950
4384,1900
4385,2000
4386,1950
4387,2000
4388,1950
4389,1900
4390,2000
4391,2000
4392,2000
4393,2000
4394,1950
4395,1900
4396,2000
4397,1950
4398,2000
4399,1950
4400,1900
4401,1850
4402,1950
4403,2000
4404,2000
4405,1950
4406,2000
4407,1950
4408,1900
4409,1850
4410,1800
4411,1900
4412,2000
4413,2000
4414,1950
4415,2000
4416,2000
4417,1950
4418,2000
4419,2000
4420,1950
4421,2000
4422,1950
4423,2000
4424,1950
4425,2000
4426,2000
4427,2000
4428,2000
4429,1950
4430,2000
4431,1950
4432,1900
4433,2000
4434,1950
4435,2000
4436,1950
4437,2000
4438,1950
4439,1900
4440,2000
4441,2000
4442,1950
4443,2000
4444,2000
4445,2000
4446,1950
4447,1900
4448,1850
4449,1800
4450,1900
4451,2000
4452,2000
4453,2000
4454,1950
4455,2000
4456,1950
4457,1900
4458,2000
4459,2000
4460,2000
4461,2000
4462,1950
4463,2000
4464,2000
4465,2000
4466,2000
4467,1950
4468,2000
4469,1950
4470,1900
4471,1850
4472,1800
4473,1750
4474,1700
4475,1650
4476,1600
4477,1700
4478,1800
4479,1900
4480,2000
4481,1950
4482,2000
4483,1950
4484,1900
4485,1850
4486,1800
4487,1900
4488,2000
4489,2000
4490,1950
4491,1900
4492,2000
4493,2000
4494,1950
4495,2000
4496,1950
4497,2000
4498,1950
4499,2000
4500,1950
4501,1900
4502,2000
4503,2000
4504,2000
4505,2000
4506,1950
4507,2000
4508,2000
4509,2000
4510,1950
4511,2000
4512,2000
4513,1950
4514,1900
4515,2000
4516,2000
4517,2000
4518,1950
4519,1900
4520,2000
4521,1950
4522,2000
4523,1950
4524,2000
4525,2000
4526,2000
4527,2000
4528,2000
4529,1950
4530,2000
4531,2000
4532,2000
4533,1950
4534,1900
4535,2000
4536,1950
4537,2000
4538,1950
4539,2000
4540,1950
4541,2000
4542,1950
4543,1900
4544,2000
4545,2000
4546,2000
4547,1950
4548,1900
4549,1850
4550,1950
4551,2000
4552,2000
4553,1950
4554,2000
4555,2000
4556,2000
4557,2000
4558,1950
4559,2000
4560,1950
4561,1900
4562,1850
4563,1800
4564,1900
4565,1850
4566,1800
4567,1750
4568,1850
4569,1800
4570,1750
4571,1700
4572,1650
4573,1600
4574,1700
4575,1650
4576,1750
4577,1850
4578,1800
4579,1900
4580,1850
4581,1800
4582,1750
4583,1850
4584,1950
4585,1900
4586,2000
4587,1950
4588,2000
4589,1950
4590,1900
4591,1850
4592,1950
4593,1900
4594,1850
4595,1800
4596,1750
4597,1700
4598,1650
4599,1750
4600,1700
4601,1650
4602,1750
4603,1700
4604,1800
4605,1750
4606,1700
4607,1650
4608,1600
4609,1700
4610,1800
4611,1900
4612,1850
4613,1800
4614,1900
4615,1850
4616,1950
4617,2000
4618,2000
4619,1950
4620,1900
4621,1850
4622,1950
4623,1900
4624,1850
4625,1950
4626,1900
4627,2000
4628,1950
4629,1900
4630,1850
4631,1950
4632,2000
4633,1950
4634,2000
4635,1950
4636,1900
4637,2000
4638,2000
4639,1950
4640,2000
4641,2000
4642,1950
4643,2000
4644,2000
4645,2000
4646,1950
4647,1900
4648,2000
4649,1950
4650,1900
4651,2000
4652,1950
4653,1900
4654,1850
4655,1950
4656,2000
4657,1950
4658,1900
4659,1850
4660,1800
4661,1750
4662,1850
4663,1800
4664,1750
4665,1850
4666,1950
4667,2000
4668,2000
4669,2000
4670,1950
4671,2000
4672,2000
4673,2000
4674,2000
4675,2000
4676,1950
4677,1900
4678,2000
4679,1950
4680,2000
4681,1950
4682,1900
4683,2000
4684,1950
4685,1900
4686,2000
4687,2000
4688,1950
4689,2000
4690,2000
4691,1950
4692,1900
4693,1850
4694,1950
4695,2000
4696,2000
4697,2000
4698,2000
4699,2000
4700,2000
4701,1950
4702,2000
4703,2000
4704,1950
4705,1900
4706,2000
4707,2000
4708,1950
4709,1900
4710,2000
4711,2000
4712,1950
4713,1900
4714,1850
4715,1950
4716,2000
4717,1950
4718,1900
4719,1850
4720,1950
4721,1900
4722,2000
4723,1950
4724,2000
4725,1950
4726,1900
4727,1850
4728,1800
4729,1900
4730,2000
4731,2000
4732,2000
4733,2000
4734,1950
4735,1900
4736,2000
4737,1950
4738,1900
4739,2000
4740,2000
4741,2000
4742,2000
4743,2000
4744,2000
4745,2000
4746,2000
4747,1950
4748,1900
4749,2000
4750,1950
4751,2000
4752,1950
4753,2000
4754,1950
4755,2000
4756,1950
4757,2000
4758,2000
4759,2000
4760,1950
4761,2000
4762,2000
4763,2000
4764,2000
4765,1950
4766,1900
4767,1850
4768,1800
4769,1750
4770,1700
4771,1800
4772,1900
4773,2000
4774,1950
4775,2000
4776,1950
4777,2000
4778,1950
4779,1900
4780,1850
4781,1950
4782,2000
4783,2000
4784,2000
4785,1950
4786,1900
4787,1850
4788,1800
4789,1750
4790,1700
4791,1800
4792,1900
4793,1850
4794,1800
4795,1900
4796,2000
4797,1950
4798,1900
4799,1850
4800,1950
4801,2000
4802,1950
4803,1900
4804,2000
4805,2000
4806,1950
4807,1900
4808,1850
4809,1950
4810,2000
4811,1950
4812,2000
4813,2000
4814,2000
4815,1950
4816,1900
4817,1850
4818,1800
4819,1750
4820,1700
4821,1800
4822,1900
4823,2000
4824,2000
4825,2000
4826,2000
4827,1950
4828,1900
4829,1850
4830,1950
4831,2000
4832,2000
4833,1950
4834,2000
4835,2000
4836,2000
4837,1950
4838,1900
4839,1850
4840,1800
4841,1750
4842,1700
4843,1800
4844,1900
4845,1850
4846,1800
4847,1900
4848,1850
4849,1800
4850,1900
4851,2000
4852,2000
4853,2000
4854,1950
4855,1900
4856,2000
4857,1950
4858,1900
4859,2000
4860,1950
4861,1900
4862,1850
4863,1950
4864,1900
4865,1850
4866,1800
4867,1900
4868,1850
4869,1800
4870,1750
4871,1850
4872,1950
4873,2000
4874,1950
4875,2000
4876,1950
4877,2000
4878,1950
4879,1900
4880,1850
4881,1800
4882,1750
4883,1850
4884,1950
4885,2000
4886,2000
4887,2000
4888,2000
4889,1950
4890,1900
4891,2000
4892,2000
4893,2000
4894,2000
4895,2000
4896,1950
4897,2000
4898,1950
4899,2000
4900,1950
4901,2000
4902,2000
4903,1950
4904,2000
4905,2000
4906,1950
4907,2000
4908,1950
4909,1900
4910,2000
4911,2000
4912,2000
4913,2000
4914,1950
4915,1900
4916,1850
4917,1950
4918,1900
4919,1850
4920,1800
4921,1900
4922,1850
4923,1950
4924,1900
4925,1850
4926,1950
4927,2000
4928,1950
4929,2000
4930,2000
4931,2000
4932,2000
4933,2000
4934,2000
4935,1950
4936,2000
4937,2000
4938,1950
4939,2000
4940,2000
4941,2000
4942,2000
4943,2000
4944,1950
4945,1900
4946,1850
4947,1950
4948,1900
4949,2000
4950,2000
4951,2000
4952,2000
4953,1950
4954,2000
4955,1950
4956,2000
4957,2000
4958,2000
4959,1950
4960,2000
4961,1950
4962,1900
4963,1850
4964,1800
4965,1900
4966,1850
4967,1800
4968,1750
4969,1700
4970,1800
4971,1750
4972,1850
4973,1800
4974,1750
4975,1850
4976,1950
4977,2000
4978,1950
4979,1900
4980,1850
4981,1950
4982,2000
4983,1950
4984,2000
4985,1950
4986,2000
4987,1950
4988,2000
4989,1950
4990,2000
4991,1950
4992,2000
4993,2000
4994,1950
4995,1900
4996,2000
4997,1950
4998,1900
4999,1850
5000,1800
5001,1900
5002,2000
5003,2000
5004,1950
5005,2000
5006,1950
5007,1900
5008,2000
5009,1950
5010,1900
5011,1850
5012,1800
5013,1900
5014,2000
5015,1950
5016,2000
5017,1950
5018,1900
5019,2000
5020,1950
5021,1900
5022,1850
5023,1800
5024,1900
5025,1850
5026,1800
5027,1900
5028,2000
5029,2000
5030,1950
5031,2000
5032,2000
5033,1950
5034,1900
5035,2000
5036,1950
5037,1900
5038,2000
5039,1950
5040,2000
5041,1950
5042,2000
5043,1950
5044,2000
5045,1950
5046,2000
5047,1950
5048,2000
5049,2000
5050,1950
5051,2000
5052,2000
5053,1950
5054,2000
5055,1950
5056,2000
5057,2000
5058,2000
5059,2000
5060,1950
5061,1900
5062,2000
5063,1950
5064,1900
5065,1850
5066,1800
5067,1900
5068,2000
5069,1950
5070,1900
5071,1850
5072,1950
5073,1900
5074,1850
5075,1800
5076,1750
5077,1850
5078,1800
5079,1750
5080,1850
5081,1950
5082,1900
5083,1850
5084,1800
5085,1750
5086,1850
5087,1800
5088,1900
5089,2000
5090,2000
5091,1950
5092,2000
5093,1950
5094,1900
5095,2000
5096,2000
5097,2000
5098,1950
5099,2000
5100,1950
5101,1900
5102,2000
5103,2000
5104,2000
5105,2000
5106,2000
5107,2000
5108,1950
5109,1900
5110,2000
5111,1950
5112,2000
5113,2000
5114,2000
5115,2000
5116,2000
5117,2000
5118,1950
5119,2000
5120,2000
5121,2000
5122,2000
5123,1950
5124,1900
5125,2000
5126,2000
5127,1950
5128,1900
5129,1850
5130,1950
5131,2000
5132,2000
5133,1950
5134,1900
5135,1850
5136,1800
5137,1900
5138,1850
5139,1800
5140,1900
5141,2000
5142,1950
5143,1900
5144,1850
5145,1950
5146,2000
5147,2000
5148,1950
5149,1900
5150,1850
5151,1950
5152,2000
5153,2000
5154,2000
5155,2000
5156,1950
5157,2000
5158,1950
5159,1900
5160,1850
5161,1800
5162,1750
5163,1700
5164,1650
5165,1750
5166,1850
5167,1800
5168,1900
5169,2000
5170,2000
5171,2000
5172,2000
5173,1950
5174,2000
5175,1950
5176,2000
5177,1950
5178,1900
5179,1850
5180,1800
5181,1900
5182,1850
5183,1950
5184,1900
5185,2000
5186,2000
5187,1950
5188,2000
5189,2000
5190,1950
5191,1900
5192,1850
5193,1950
5194,1900
5195,1850
5196,1800
5197,1750
5198,1700
5199,1650
5200,1750
5201,1850
5202,1950
5203,1900
5204,2000
5205,1950
5206,2000
5207,2000
5208,1950
5209,2000
5210,2000
5211,1950
5212,2000
5213,1950
5214,2000
5215,2000
5216,1950
5217,1900
5218,2000
5219,2000
5220,2000
5221,1950
5222,1900
5223,1850
5224,1800
5225,1900
5226,2000
5227,2000
5228,1950
5229,1900
5230,2000
5231,1950
5232,1900
5233,1850
5234,1800
5235,1900
5236,1850
5237,1800
5238,1900
5239,1850
5240,1800
5241,1900
5242,1850
5243,1950
5244,2000
5245,2000
5246,2000
5247,2000
5248,1950
5249,2000
5250,2000
5251,1950
5252,2000
5253,2000
5254,1950
5255,2000
5256,1950
5257,2000
5258,2000
5259,1950
5260,1900
5261,2000
5262,1950
5263,2000
5264,2000
5265,1950
5266,1900
5267,1850
5268,1950
5269,2000
5270,1950
5271,1900
5272,2000
5273,1950
5274,2000
5275,2000
5276,2000
5277,2000
5278,1950
5279,1900
5280,1850
5281,1950
5282,2000
5283,2000
5284,2000
5285,2000
5286,2000
5287,1950
5288,1900
5289,1850
5290,1800
5291,1750
5292,1700
5293,1800
5294,1750
5295,1700
5296,1650
5297,1600
5298,1700
5299,1650
5300,1600
5301,1700
5302,1650
5303,1600
5304,1700
5305,1650
5306,1750
5307,1850
5308,1800
5309,1750
5310,1850
5311,1950
5312,2000
5313,1950
5314,2000
5315,1950
5316,2000
5317,2000
5318,2000
5319,1950
5320,1900
5321,1850
5322,1800
5323,1900
5324,2000
5325,1950
5326,2000
5327,2000
5328,1950
5329,1900
5330,1850
5331,1950
5332,2000
5333,1950
5334,1900
5335,1850
5336,1800
5337,1750
5338,1850
5339,1800
5340,1750
5341,1700
5342,1650
5343,1600
5344,1550
5345,1500
5346,1600
5347,1550
5348,1500
5349,1450
5350,1550
5351,1650
5352,1600
5353,1550
5354,1500
5355,1600
5356,1550
5357,1650
5358,1750
5359,1700
5360,1800
5361,1900
5362,1850
5363,1800
5364,1750
5365,1850
5366,1800
5367,1900
5368,1850
5369,1950
5370,2000
5371,2000
5372,1950
5373,2000
5374,2000
5375,2000
5376,1950
5377,2000
5378,2000
5379,2000
5380,2000
5381,1950
5382,1900
5383,1850
5384,1950
5385,1900
5386,1850
5387,1950
5388,2000
5389,1950
5390,1900
5391,2000
5392,2000
5393,1950
5394,2000
5395,2000
5396,1950
5397,2000
5398,2000
5399,1950
5400,2000
5401,1950
5402,1900
5403,2000
5404,1950
5405,1900
5406,2000
5407,1950
5408,1900
5409,1850
5410,1800
5411,1750
5412,1700
5413,1800
5414,1750
5415,1850
5416,1800
5417,1900
5418,1850
5419,1950
5420,2000
5421,1950
5422,2000
5423,1950
5424,2000
5425,2000
5426,1950
5427,1900
5428,1850
5429,1800
5430,1750
5431,1850
5432,1950
5433,2000
5434,1950
5435,1900
5436,2000
5437,2000
5438,1950
5439,2000
5440,1950
5441,1900
5442,2000
5443,2000
5444,1950
5445,1900
5446,1850
5447,1800
5448,1750
5449,1850
5450,1800
5451,1750
5452,1850
5453,1800
5454,1900
5455,1850
5456,1800
5457,1900
5458,1850
5459,1800
5460,1900
5461,1850
5462,1800
5463,1750
5464,1850
5465,1800
5466,1750
5467,1850
5468,1950
5469,2000
5470,1950
5471,2000
5472,2000
5473,1950
5474,1900
5475,1850
5476,1800
5477,1900
5478,2000
5479,1950
5480,2000
5481,1950
5482,1900
5483,2000
5484,2000
5485,2000
5486,1950
5487,2000
5488,1950
5489,1900
5490,1850
5491,1950
5492,2000
5493,2000
5494,1950
5495,1900
5496,2000
5497,2000
5498,1950
5499,1900
5500,1850
5501,1950
5502,2000
5503,2000
5504,2000
5505,1950
5506,2000
5507,1950
5508,1900
5509,1850
5510,1800
5511,1750
5512,1850
5513,1950
5514,2000
5515,1950
5516,1900
5517,1850
5518,1950
5519,2000
5520,2000
5521,2000
5522,2000
5523,2000
5524,2000
5525,2000
5526,1950
5527,1900
5528,2000
5529,2000
5530,1950
5531,1900
5532,2000
5533,2000
5534,1950
5535,1900
5536,2000
5537,1950
5538,2000
5539,1950
5540,2000
5541,1950
5542,2000
5543,1950
5544,1900
5545,1850
5546,1800
5547,1750
5548,1850
5549,1950
5550,2000
5551,2000
5552,2000
5553,1950
5554,2000
5555,1950
5556,2000
5557,1950
5558,1900
5559,2000
5560,1950
5561,2000
5562,2000
5563,1950
5564,2000
5565,2000
5566,1950
5567,2000
5568,2000
5569,1950
5570,2000
5571,2000
5572,2000
5573,2000
5574,1950
5575,1900
5576,2000
5577,2000
5578,1950
5579,2000
5580,1950
5581,2000
5582,2000
5583,2000
5584,1950
5585,1900
5586,2000
5587,2000
5588,2000
5589,1950
5590,2000
5591,1950
5592,1900
5593,2000
5594,1950
5595,2000
5596,2000
5597,2000
5598,1950
5599,1900
5600,1850
5601,1800
5602,1750
5603,1700
5604,1800
5605,1900
5606,1850
5607,1800
5608,1750
5609,1850
5610,1950
5611,1900
5612,1850
5613,1800
5614,1900
5615,1850
5616,1950
5617,2000
5618,1950
5619,2000
5620,2000
5621,2000
5622,1950
5623,2000
5624,1950
5625,2000
5626,2000
5627,1950
5628,1900
5629,1850
5630,1800
5631,1750
5632,1850
5633,1800
5634,1750
5635,1700
5636,1800
5637,1900
5638,1850
5639,1800
5640,1750
5641,1700
5642,1800
5643,1750
5644,1850
5645,1800
5646,1750
5647,1700
5648,1800
5649,1900
5650,1850
5651,1950
5652,2000
5653,1950
5654,1900
5655,1850
5656,1800
5657,1750
5658,1850
5659,1950
5660,2000
5661,1950
5662,2000
5663,2000
5664,1950
5665,1900
5666,2000
5667,2000
5668,2000
5669,2000
5670,1950
5671,2000
5672,2000
5673,1950
5674,2000
5675,2000
5676,2000
5677,1950
5678,1900
5679,1850
5680,1800
5681,1900
5682,2000
5683,2000
5684,2000
5685,2000
5686,1950
5687,2000
5688,1950
5689,2000
5690,2000
5691,2000
5692,2000
5693,2000
5694,1950
5695,2000
5696,1950
5697,2000
5698,1950
5699,1900
5700,2000
5701,1950
5702,2000
5703,1950
5704,2000
5705,1950
5706,2000
5707,2000
5708,2000
5709,2000
5710,2000
5711,1950
5712,2000
5713,2000
5714,1950
5715,1900
5716,1850
5717,1800
5718,1900
5719,1850
5720,1950
5721,2000
5722,1950
5723,2000
5724,2000
5725,2000
5726,1950
5727,1900
5728,1850
5729,1800
5730,1750
5731,1700
5732,1650
5733,1600
5734,1700
5735,1650
5736,1750
5737,1850
5738,1800
5739,1750
5740,1850
5741,1950
5742,1900
5743,2000
5744,1950
5745,1900
5746,1850
5747,1800
5748,1900
5749,2000
5750,2000
5751,1950
5752,2000
5753,1950
5754,2000
5755,2000
5756,1950
5757,2000
5758,2000
5759,1950
5760,1900
5761,2000
5762,2000
5763,2000
5764,2000
5765,1950
5766,2000
5767,1950
5768,1900
5769,2000
5770,2000
5771,1950
5772,1900
5773,1850
5774,1800
5775,1900
5776,2000
5777,1950
5778,1900
5779,1850
5780,1800
5781,1750
5782,1850
5783,1950
5784,2000
5785,2000
5786,2000
5787,1950
5788,1900
5789,2000
5790,2000
5791,2000
5792,2000
5793,2000
5794,2000
5795,2000
5796,1950
5797,2000
5798,1950
5799,1900
5800,2000
5801,1950
5802,1900
5803,2000
5804,2000
5805,2000
5806,1950
5807,1900
5808,2000
5809,1950
5810,1900
5811,2000
5812,1950
5813,1900
5814,1850
5815,1800
5816,1900
5817,1850
5818,1800
5819,1750
5820,1700
5821,1650
5822,1600
5823,1700
5824,1800
5825,1750
5826,1700
5827,1650
5828,1600
5829,1700
5830,1650
5831,1750
5832,1850
5833,1950
5834,2000
5835,1950
5836,1900
5837,2000
5838,1950
5839,1900
5840,1850
5841,1950
5842,2000
5843,2000
5844,1950
5845,2000
5846,2000
5847,1950
5848,1900
5849,2000
5850,1950
5851,2000
5852,2000
5853,1950
5854,1900
5855,1850
5856,1950
5857,1900
5858,2000
5859,2000
5860,1950
5861,2000
5862,1950
5863,1900
5864,2000
5865,2000
5866,2000
5867,1950
5868,2000
5869,1950
5870,1900
5871,1850
5872,1800
5873,1750
5874,1700
5875,1800
5876,1750
5877,1700
5878,1650
5879,1750
5880,1850
5881,1800
5882,1750
5883,1850
5884,1800
5885,1900
5886,1850
5887,1950
5888,1900
5889,1850
5890,1800
5891,1750
5892,1700
5893,1650
5894,1750
5895,1850
5896,1950
5897,1900
5898,1850
5899,1950
5900,1900
5901,1850
5902,1950
5903,1900
5904,2000
5905,2000
5906,2000
5907,2000
5908,2000
5909,2000
5910,2000
5911,2000
5912,2000
5913,1950
5914,2000
5915,1950
5916,1900
5917,1850
5918,1950
5919,1900
5920,2000
5921,2000
5922,1950
5923,1900
5924,2000
5925,2000
5926,1950
5927,2000
5928,1950
5929,2000
5930,2000
5931,1950
5932,2000
5933,1950
5934,2000
5935,2000
5936,2000
5937,1950
5938,1900
5939,1850
5940,1800
5941,1750
5942,1700
5943,1650
5944,1750
5945,1850
5946,1950
5947,1900
5948,1850
5949,1800
5950,1750
5951,1700
5952,1650
5953,1750
5954,1850
5955,1800
5956,1750
5957,1850
5958,1800
5959,1900
5960,2000
5961,2000
5962,1950
5963,2000
5964,2000
5965,1950
5966,2000
5967,2000
5968,1950
5969,1900
5970,2000
5971,1950
5972,2000
5973,2000
5974,2000
5975,2000
5976,2000
5977,1950
5978,2000
5979,2000
5980,2000
5981,2000
5982,2000
5983,2000
5984,2000
5985,2000
5986,2000
5987,2000
5988,2000
5989,1950
5990,1900
5991,2000
5992,1950
5993,1900
5994,2000
5995,1950
5996,2000
5997,2000
5998,2000
5999,1950
6000,1900
6001,2000
6002,1950
6003,2000
6004,2000
6005,2000
6006,1950
6007,2000
6008,1950
6009,2000
6010,1950
6011,2000
6012,2000
6013,1950
6014,2000
6015,1950
6016,2000
6017,2000
6018,2000
6019,2000
6020,2000
6021,1950
6022,1900
6023,1850
6024,1950
6025,2000
6026,2000
6027,2000
6028,1950
6029,2000
6030,1950
6031,2000
6032,1950
6033,1900
6034,1850
6035,1800
6036,1750
6037,1850
6038,1800
6039,1900
6040,2000
6041,1950
6042,2000
6043,1950
6044,1900
6045,2000
6046,1950
6047,1900
6048,1850
6049,1950
6050,2000
6051,1950
6052,1900
6053,2000
6054,2000
6055,1950
6056,1900
6057,2000
6058,1950
6059,2000
6060,2000
6061,2000
6062,2000
6063,1950
6064,2000
6065,1950
6066,1900
6067,2000
6068,2000
6069,2000
6070,2000
6071,2000
6072,2000
6073,2000
6074,2000
6075,2000
6076,1950
6077,1900
6078,2000
6079,2000
6080,2000
6081,1950
6082,2000
6083,2000
6084,1950
6085,2000
6086,2000
6087,2000
6088,1950
6089,1900
6090,1850
6091,1800
6092,1750
6093,1850
6094,1950
6095,1900
6096,2000
6097,1950
6098,1900
6099,2000
6100,2000
6101,1950
6102,2000
6103,1950
6104,1900
6105,1850
6106,1950
6107,2000
6108,1950
6109,2000
6110,1950
6111,2000
6112,1950
6113,2000
6114,2000
6115,2000
6116,1950
6117,1900
6118,2000
6119,2000
6120,1950
6121,2000
6122,2000
6123,2000
6124,2000
6125,2000
6126,2000
6127,1950
6128,1900
6129,1850
6130,1950
6131,2000
6132,2000
6133,2000
6134,1950
6135,2000
6136,2000
6137,2000
6138,2000
6139,1950
6140,1900
6141,2000
6142,2000
6143,2000
6144,1950
6145,1900
6146,2000
6147,1950
6148,2000
6149,1950
6150,1900
6151,2000
6152,2000
6153,2000
6154,1950
6155,1900
6156,1850
6157,1800
6158,1900
6159,1850
6160,1950
6161,1900
6162,2000
6163,1950
6164,2000
6165,1950
6166,1900
6167,1850
6168,1800
6169,1750
6170,1700
6171,1800
6172,1750
6173,1700
6174,1800
6175,1750
6176,1850
6177,1800
6178,1900
6179,1850
6180,1950
6181,1900
6182,2000
6183,2000
6184,2000
6185,2000
6186,1950
6187,2000
6188,1950
6189,1900
6190,1850
6191,1950
6192,2000
6193,1950
6194,1900
6195,1850
6196,1800
6197,1900
6198,1850
6199,1800
6200,1750
6201,1700
6202,1800
6203,1900
6204,2000
6205,1950
6206,1900
6207,2000
6208,1950
6209,1900
6210,2000
6211,2000
6212,2000
6213,2000
6214,2000
6215,1950
6216,1900
6217,1850
6218,1800
6219,1750
6220,1700
6221,1650
6222,1600
6223,1700
6224,1800
6225,1900
6226,1850
6227,1950
6228,2000
6229,1950
6230,2000
6231,2000
6232,2000
6233,1950
6234,1900
6235,1850
6236,1950
6237,1900
6238,2000
6239,2000
6240,2000
6241,2000
6242,2000
6243,1950
6244,2000
6245,2000
6246,2000
6247,2000
6248,2000
6249,2000
6250,1950
6251,2000
6252,1950
6253,1900
6254,2000
6255,1950
6256,2000
6257,2000
6258,1950
6259,2000
6260,2000
6261,1950
6262,1900
6263,2000
6264,2000
6265,1950
6266,2000
6267,1950
6268,2000
6269,1950
6270,1900
6271,2000
6272,2000
6273,2000
6274,2000
6275,2000
6276,1950
6277,1900
6278,1850
6279,1950
6280,1900
6281,1850
6282,1950
6283,2000
6284,2000
6285,1950
6286,1900
6287,2000
6288,1950
6289,1900
6290,1850
6291,1800
6292,1750
6293,1850
6294,1950
6295,1900
6296,2000
6297,1950
6298,2000
6299,1950
6300,1900
6301,1850
6302,1800
6303,1900
6304,1850
6305,1950
6306,1900
6307,2000
6308,2000
6309,2000
6310,2000
6311,1950
6312,1900
6313,1850
6314,1950
6315,2000
6316,2000
6317,1950
6318,2000
6319,2000
6320,1950
6321,1900
6322,2000
6323,2000
6324,2000
6325,1950
6326,2000
6327,1950
6328,1900
6329,2000
6330,2000
6331,2000
6332,2000
6333,1950
6334,1900
6335,2000
6336,1950
6337,1900
6338,2000
6339,2000
6340,2000
6341,2000
6342,2000
6343,1950
6344,1900
6345,2000
6346,2000
6347,1950
6348,1900
6349,1850
6350,1800
6351,1750
6352,1850
6353,1950
6354,2000
6355,2000
6356,1950
6357,2000
6358,2000
6359,2000
6360,1950
6361,2000
6362,2000
6363,1950
6364,1900
6365,2000
6366,1950
6367,1900
6368,1850
6369,1800
6370,1900
6371,1850
6372,1950
6373,2000
6374,2000
6375,2000
6376,2000
6377,2000
6378,2000
6379,1950
6380,1900
6381,1850
6382,1950
6383,1900
6384,1850
6385,1950
6386,2000
6387,2000
6388,2000
6389,1950
6390,2000
6391,2000
6392,2000
6393,1950
6394,2000
6395,2000
6396,1950
6397,2000
6398,2000
6399,1950
6400,1900
6401,1850
6402,1950
6403,2000
6404,1950
6405,2000
6406,2000
6407,2000
6408,2000
6409,1950
6410,2000
6411,1950
6412,1900
6413,1850
6414,1800
6415,1750
6416,1700
6417,1800
6418,1900
6419,2000
6420,1950
6421,1900
6422,1850
6423,1800
6424,1750
6425,1700
6426,1800
6427,1750
6428,1850
6429,1800
6430,1750
6431,1850
6432,1950
6433,1900
6434,2000
6435,2000
6436,1950
6437,1900
6438,2000
6439,2000
6440,1950
6441,1900
6442,1850
6443,1950
6444,2000
6445,1950
6446,1900
6447,1850
6448,1800
6449,1750
6450,1700
6451,1650
6452,1600
6453,1700
6454,1650
6455,1600
6456,1550
6457,1650
6458,1600
6459,1550
6460,1500
6461,1600
6462,1700
6463,1650
6464,1750
6465,1700
6466,1650
6467,1600
6468,1550
6469,1650
6470,1600
6471,1550
6472,1500
6473,1450
6474,1400
6475,1500
6476,1450
6477,1550
6478,1650
6479,1600
6480,1550
6481,1650
6482,1750
6483,1700
6484,1650
6485,1600
6486,1550
6487,1500
6488,1600
6489,1700
6490,1800
6491,1900
6492,2000
6493,2000
6494,1950
6495,1900
6496,2000
6497,1950
6498,1900
6499,2000
6500,2000
6501,1950
6502,1900
6503,2000
6504,2000
6505,2000
6506,1950
6507,2000
6508,2000
6509,2000
6510,2000
6511,1950
6512,2000
6513,1950
6514,1900
6515,1850
6516,1800
6517,1900
6518,2000
6519,1950
6520,1900
6521,1850
6522,1800
6523,1900
6524,2000
6525,1950
6526,2000
6527,2000
6528,2000
6529,2000
6530,1950
6531,1900
6532,1850
6533,1950
6534,2000
6535,2000
6536,1950
6537,1900
6538,2000
6539,2000
6540,1950
6541,2000
6542,2000
6543,1950
6544,2000
6545,2000
6546,2000
6547,2000
6548,1950
6549,1900
6550,1850
6551,1950
6552,1900
6553,2000
6554,2000
6555,2000
6556,2000
6557,2000
6558,1950
6559,2000
6560,2000
6561,1950
6562,2000
6563,2000
6564,1950
6565,2000
6566,1950
6567,1900
6568,1850
6569,1950
6570,2000
6571,1950
6572,1900
6573,2000
6574,1950
6575,2000
6576,2000
6577,2000
6578,2000
6579,2000
6580,2000
6581,2000
6582,1950
6583,2000
6584,1950
6585,1900
6586,2000
6587,2000
6588,1950
6589,2000
6590,1950
6591,2000
6592,1950
6593,1900
6594,1850
6595,1950
6596,1900
6597,1850
6598,1800
6599,1900
6600,2000
6601,2000
6602,1950
6603,1900
6604,2000
6605,2000
6606,2000
6607,2000
6608,1950
6609,1900
6610,1850
6611,1800
6612,1900
6613,1850
6614,1950
6615,2000
6616,1950
6617,1900
6618,1850
6619,1950
6620,2000
6621,2000
6622,2000
6623,1950
6624,1900
6625,1850
6626,1950
6627,1900
6628,2000
6629,2000
6630,1950
6631,1900
6632,2000
6633,2000
6634,1950
6635,2000
6636,2000
6637,2000
6638,1950
6639,2000
6640,1950
6641,1900
6642,1850
6643,1950
6644,1900
6645,1850
6646,1950
6647,1900
6648,2000
6649,2000
6650,2000
6651,2000
6652,2000
6653,2000
6654,1950
6655,2000
6656,2000
6657,1950
6658,1900
6659,1850
6660,1800
6661,1750
6662,1700
6663,1650
6664,1600
6665,1550
6666,1650
6667,1750
6668,1700
6669,1650
6670,1600
6671,1550
6672,1500
6673,1450
6674,1550
6675,1650
6676,1750
6677,1700
6678,1800
6679,1750
6680,1850
6681,1950
6682,2000
6683,1950
6684,1900
6685,1850
6686,1800
6687,1900
6688,1850
6689,1800
6690,1900
6691,1850
6692,1950
6693,1900
6694,2000
6695,2000
6696,2000
6697,2000
6698,2000
6699,1950
6700,2000
6701,2000
6702,1950
6703,2000
6704,2000
6705,2000
6706,2000
6707,1950
6708,1900
6709,2000
6710,1950
6711,1900
6712,1850
6713,1800
6714,1900
6715,1850
6716,1950
6717,2000
6718,1950
6719,2000
6720,2000
6721,2000
6722,1950
6723,1900
6724,1850
6725,1950
6726,1900
6727,1850
6728,1950
6729,2000
6730,1950
6731,1900
6732,2000
6733,1950
6734,1900
6735,1850
6736,1950
6737,1900
6738,1850
6739,1950
6740,2000
6741,1950
6742,1900
6743,1850
6744,1950
6745,1900
6746,2000
6747,1950
6748,2000
6749,2000
6750,1950
6751,2000
6752,1950
6753,2000
6754,1950
6755,1900
6756,2000
6757,2000
6758,1950
6759,1900
6760,1850
6761,1800
6762,1900
6763,1850
6764,1800
6765,1900
6766,1850
6767,1950
6768,1900
6769,1850
6770,1800
6771,1900
6772,2000
6773,1950
6774,1900
6775,2000
6776,1950
6777,1900
6778,1850
6779,1800
6780,1750
6781,1700
6782,1650
6783,1750
6784,1700
6785,1800
6786,1750
6787,1850
6788,1800
6789,1750
6790,1850
6791,1800
6792,1900
6793,1850
6794,1950
6795,1900
6796,2000
6797,2000
6798,2000
6799,2000
6800,1950
6801,1900
6802,1850
6803,1950
6804,1900
6805,1850
6806,1950
6807,2000
6808,1950
6809,1900
6810,1850
6811,1950
6812,1900
6813,1850
6814,1800
6815,1900
6816,2000
6817,2000
6818,1950
6819,1900
6820,2000
6821,1950
6822,2000
6823,1950
6824,2000
6825,1950
6826,2000
6827,1950
6828,1900
6829,1850
6830,1950
6831,2000
6832,2000
6833,1950
6834,2000
6835,2000
6836,1950
6837,1900
6838,1850
6839,1950
6840,2000
6841,1950
6842,2000
6843,1950
6844,1900
6845,1850
6846,1950
6847,2000
6848,1950
6849,2000
6850,1950
6851,2000
6852,2000
6853,1950
6854,2000
6855,1950
6856,2000
6857,2000
6858,1950
6859,2000
6860,2000
6861,1950
6862,1900
6863,2000
6864,2000
6865,2000
6866,1950
6867,2000
6868,2000
6869,1950
6870,2000
6871,1950
6872,2000
6873,1950
6874,2000
6875,2000
6876,1950
6877,2000
6878,1950
6879,1900
6880,2000
6881,1950
6882,1900
6883,1850
6884,1950
6885,1900
6886,2000
6887,2000
6888,2000
6889,1950
6890,2000
6891,1950
6892,1900
6893,1850
6894,1800
6895,1750
6896,1850
6897,1950
6898,2000
6899,2000
6900,2000
6901,2000
6902,2000
6903,2000
6904,1950
6905,2000
6906,2000
6907,2000
6908,1950
6909,2000
6910,2000
6911,2000
6912,2000
6913,2000
6914,1950
6915,1900
6916,1850
6917,1800
6918,1750
6919,1700
6920,1650
6921,1600
6922,1700
6923,1650
6924,1600
6925,1700
6926,1800
6927,1750
6928,1700
6929,1800
6930,1750
6931,1700
6932,1650
6933,1600
6934,1550
6935,1650
6936,1750
6937,1700
6938,1650
6939,1750
6940,1700
6941,1650
6942,1600
6943,1550
6944,1650
6945,1600
6946,1550
6947,1650
6948,1750
6949,1700
6950,1800
6951,1900
6952,1850
6953,1950
6954,2000
6955,1950
6956,2000
6957,1950
6958,2000
6959,2000
6960,2000
6961,2000
6962,2000
6963,2000
6964,1950
6965,2000
6966,1950
6967,2000
6968,1950
6969,2000
6970,1950
6971,1900
6972,1850
6973,1950
6974,2000
6975,1950
6976,2000
6977,1950
6978,2000
6979,2000
6980,1950
6981,2000
6982,1950
6983,1900
6984,1850
6985,1950
6986,2000
6987,2000
6988,2000
6989,2000
6990,2000
6991,2000
6992,2000
6993,2000
6994,1950
6995,2000
6996,2000
6997,2000
6998,1950
6999,1900
7000,1850
7001,1950
7002,2000
7003,1950
7004,1900
7005,1850
7006,1800
7007,1750
7008,1850
7009,1800
7010,1900
7011,2000
7012,1950
7013,2000
7014,1950
7015,1900
7016,2000
7017,1950
7018,1900
7019,2000
7020,1950
7021,1900
7022,2000
7023,2000
7024,2000
7025,2000
7026,2000
7027,2000
7028,1950
7029,1900
7030,2000
7031,2000
7032,1950
7033,2000
7034,2000
7035,1950
7036,2000
7037,1950
7038,1900
7039,2000
7040,1950
7041,1900
7042,1850
7043,1950
7044,2000
7045,1950
7046,1900
7047,2000
7048,2000
7049,2000
7050,1950
7051,1900
7052,2000
7053,1950
7054,1900
7055,1850
7056,1950
7057,2000
7058,1950
7059,2000
7060,2000
7061,2000
7062,2000
7063,1950
7064,2000
7065,2000
7066,2000
7067,1950
7068,2000
7069,1950
7070,2000
7071,1950
7072,1900
7073,1850
7074,1800
7075,1750
7076,1850
7077,1800
7078,1900
7079,1850
7080,1800
7081,1750
7082,1850
7083,1800
7084,1750
7085,1850
7086,1950
7087,1900
7088,1850
7089,1800
7090,1750
7091,1700
7092,1650
7093,1750
7094,1700
7095,1650
7096,1600
7097,1700
7098,1800
7099,1750
7100,1700
7101,1650
7102,1750
7103,1700
7104,1650
7105,1600
7106,1550
7107,1500
7108,1600
7109,1700
7110,1650
7111,1750
7112,1850
7113,1800
7114,1900
7115,1850
7116,1950
7117,2000
7118,2000
7119,1950
7120,1900
7121,2000
7122,2000
7123,1950
7124,2000
7125,2000
7126,1950
7127,1900
7128,1850
7129,1800
7130,1900
7131,2000
7132,1950
7133,2000
7134,2000
7135,1950
7136,2000
7137,1950
7138,1900
7139,2000
7140,1950
7141,1900
7142,2000
7143,1950
7144,2000
7145,1950
7146,1900
7147,2000
7148,1950
7149,2000
7150,1950
7151,1900
7152,2000
7153,2000
7154,1950
7155,2000
7156,2000
7157,1950
7158,1900
7159,2000
7160,1950
7161,1900
7162,2000
7163,2000
7164,2000
7165,1950
7166,1900
7167,2000
7168,2000
7169,1950
7170,2000
7171,2000
7172,2000
7173,1950
7174,1900
7175,1850
7176,1950
7177,2000
7178,2000
7179,2000
7180,2000
7181,2000
7182,1950
7183,1900
7184,2000
7185,1950
7186,2000
7187,2000
7188,1950
7189,2000
7190,2000
7191,1950
7192,1900
7193,1850
7194,1800
7195,1900
7196,2000
7197,2000
7198,2000
7199,2000
7200,2000
7201,1950
7202,2000
7203,1950
7204,1900
7205,2000
7206,1950
7207,2000
7208,1950
7209,2000
7210,2000
7211,1950
7212,1900
7213,2000
7214,1950
7215,2000
7216,1950
7217,2000
7218,2000
7219,2000
7220,2000
7221,1950
7222,1900
7223,2000
7224,1950
7225,1900
7226,2000
7227,2000
7228,1950
7229,2000
7230,2000
7231,2000
7232,1950
7233,2000
7234,1950
7235,2000
7236,2000
7237,2000
7238,2000
7239,1950
7240,2000
7241,1950
7242,1900
7243,2000
7244,2000
7245,2000
7246,1950
7247,1900
7248,1850
7249,1800
7250,1750
7251,1850
7252,1950
7253,2000
7254,1950
7255,1900
7256,2000
7257,1950
7258,2000
7259,1950
7260,2000
7261,1950
7262,2000
7263,1950
7264,1900
7265,1850
7266,1800
7267,1750
7268,1700
7269,1800
7270,1900
7271,1850
7272,1950
7273,1900
7274,1850
7275,1950
7276,1900
7277,1850
7278,1800
7279,1900
7280,1850
7281,1800
7282,1900
7283,2000
7284,1950
7285,2000
7286,1950
7287,1900
7288,2000
7289,1950
7290,2000
7291,1950
7292,2000
7293,2000
7294,2000
7295,1950
7296,2000
7297,2000
7298,2000
7299,2000
7300,1950
7301,2000
7302,1950
7303,1900
7304,1850
7305,1800
7306,1750
7307,1700
7308,1800
7309,1750
7310,1700
7311,1650
7312,1600
7313,1700
7314,1800
7315,1750
7316,1850
7317,1950
7318,2000
7319,2000
7320,1950
7321,1900
7322,2000
7323,2000
7324,2000
7325,1950
7326,2000
7327,2000
7328,1950
7329,1900
7330,2000
7331,1950
7332,1900
7333,2000
7334,2000
7335,1950
7336,1900
7337,1850
7338,1800
7339,1900
7340,2000
7341,1950
7342,2000
7343,1950
7344,2000
7345,2000
7346,1950
7347,1900
7348,2000
7349,1950
7350,1900
7351,1850
7352,1950
7353,2000
7354,2000
7355,1950
7356,2000
7357,1950
7358,1900
7359,1850
7360,1800
7361,1900
7362,2000
7363,2000
7364,2000
7365,1950
7366,2000
7367,2000
7368,1950
7369,2000
7370,1950
7371,1900
7372,2000
7373,2000
7374,1950
7375,2000
7376,1950
7377,2000
7378,2000
7379,2000
7380,2000
7381,2000
7382,2000
7383,1950
7384,2000
7385,1950
7386,1900
7387,2000
7388,1950
7389,2000
7390,1950
7391,2000
7392,2000
7393,2000
7394,1950
7395,2000
7396,1950
7397,1900
7398,2000
7399,2000
7400,1950
7401,1900
7402,1850
7403,1950
7404,1900
7405,2000
7406,1950
7407,2000
7408,2000
7409,2000
7410,1950
7411,2000
7412,2000
7413,2000
7414,2000
7415,1950
7416,2000
7417,2000
7418,2000
7419,2000
7420,1950
7421,2000
7422,1950
7423,2000
7424,2000
7425,1950
7426,1900
7427,1850
7428,1950
7429,2000
7430,2000
7431,1950
7432,1900
7433,2000
7434,2000
7435,1950
7436,2000
7437,1950
7438,2000
7439,1950
7440,1900
7441,1850
7442,1950
7443,2000
7444,1950
7445,2000
7446,1950
7447,2000
7448,2000
7449,1950
7450,2000
7451,2000
7452,1950
7453,2000
7454,1950
7455,2000
7456,2000
7457,1950
7458,1900
7459,2000
7460,1950
7461,2000
7462,1950
7463,1900
7464,2000
7465,1950
7466,2000
7467,2000
7468,1950
7469,2000
7470,2000
7471,2000
7472,2000
7473,2000
7474,2000
7475,1950
7476,1900
7477,1850
7478,1800
7479,1750
7480,1700
7481,1650
7482,1600
7483,1550
7484,1650
7485,1750
7486,1850
7487,1800
7488,1750
7489,1850
7490,1950
7491,1900
7492,1850
7493,1950
7494,2000
7495,2000
7496,2000
7497,1950
7498,1900
7499,2000
7500,2000
7501,2000
7502,1950
7503,1900
7504,2000
7505,2000
7506,1950
7507,1900
7508,1850
7509,1950
7510,1900
7511,1850
7512,1800
7513,1750
7514,1700
7515,1650
7516,1600
7517,1700
7518,1650
7519,1750
7520,1850
7521,1950
7522,1900
7523,2000
7524,1950
7525,2000
7526,1950
7527,1900
7528,1850
7529,1800
7530,1900
7531,1850
7532,1800
7533,1900
7534,2000
7535,2000
7536,1950
7537,2000
7538,1950
7539,1900
7540,1850
7541,1950
7542,1900
7543,2000
7544,1950
7545,2000
7546,1950
7547,2000
7548,1950
7549,1900
7550,2000
7551,1950
7552,1900
7553,1850
7554,1950
7555,1900
7556,1850
7557,1950
7558,2000
7559,1950
7560,1900
7561,2000
7562,2000
7563,2000
7564,2000
7565,2000
7566,1950
7567,1900
7568,2000
7569,2000
7570,2000
7571,2000
7572,1950
7573,1900
7574,1850
7575,1800
7576,1900
7577,2000
7578,2000
7579,1950
7580,2000
7581,2000
7582,1950
7583,1900
7584,1850
7585,1950
7586,1900
7587,1850
7588,1950
7589,1900
7590,1850
7591,1950
7592,2000
7593,2000
7594,2000
7595,2000
7596,2000
7597,2000
7598,1950
7599,2000
7600,1950
7601,1900
7602,2000
7603,2000
7604,1950
7605,1900
7606,2000
7607,1950
7608,1900
7609,2000
7610,2000
7611,2000
7612,1950
7613,2000
7614,2000
7615,1950
7616,2000
7617,1950
7618,1900
7619,1850
7620,1800
7621,1750
7622,1850
7623,1800
7624,1750
7625,1700
7626,1800
7627,1900
7628,2000
7629,1950
7630,2000
7631,1950
7632,1900
7633,1850
7634,1950
7635,2000
7636,1950
7637,1900
7638,2000
7639,1950
7640,2000
7641,2000
7642,1950
7643,1900
7644,2000
7645,2000
7646,1950
7647,1900
7648,1850
7649,1800
7650,1900
7651,1850
7652,1800
7653,1750
7654,1700
7655,1800
7656,1900
7657,1850
7658,1950
7659,1900
7660,1850
7661,1950
7662,2000
7663,1950
7664,2000
7665,1950
7666,1900
7667,1850
7668,1950
7669,2000
7670,1950
7671,1900
7672,1850
7673,1800
7674,1900
7675,1850
7676,1950
7677,2000
7678,1950
7679,1900
7680,2000
7681,1950
7682,1900
7683,2000
7684,2000
7685,2000
7686,1950
7687,2000
7688,2000
7689,1950
7690,1900
7691,2000
7692,1950
7693,1900
7694,2000
7695,1950
7696,2000
7697,2000
7698,2000
7699,1950
7700,2000
7701,1950
7702,2000
7703,2000
7704,2000
7705,1950
7706,2000
7707,1950
7708,1900
7709,1850
7710,1950
7711,2000
7712,1950
7713,1900
7714,1850
7715,1800
7716,1900
7717,2000
7718,1950
7719,1900
7720,2000
7721,1950
7722,2000
7723,2000
7724,2000
7725,1950
7726,1900
7727,1850
7728,1800
7729,1750
7730,1700
7731,1800
7732,1750
7733,1850
7734,1950
7735,1900
7736,2000
7737,1950
7738,2000
7739,2000
7740,1950
7741,2000
7742,1950
7743,1900
7744,2000
7745,1950
7746,1900
7747,2000
7748,1950
7749,1900
7750,1850
7751,1800
7752,1750
7753,1700
7754,1650
7755,1750
7756,1850
7757,1800
7758,1750
7759,1700
7760,1800
7761,1750
7762,1700
7763,1650
7764,1600
7765,1550
7766,1500
7767,1600
7768,1700
7769,1650
7770,1750
7771,1850
7772,1800
7773,1900
7774,2000
7775,1950
7776,1900
7777,1850
7778,1800
7779,1900
7780,1850
7781,1950
7782,2000
7783,1950
7784,1900
7785,2000
7786,2000
7787,2000
7788,2000
7789,2000
7790,2000
7791,2000
7792,1950
7793,2000
7794,2000
7795,2000
7796,1950
7797,2000
7798,2000
7799,2000
7800,1950
7801,2000
7802,2000
7803,1950
7804,1900
7805,2000
7806,2000
7807,1950
7808,2000
7809,2000
7810,1950
7811,1900
7812,1850
7813,1800
7814,1900
7815,1850
7816,1950
7817,2000
7818,1950
7819,1900
7820,2000
7821,2000
7822,1950
7823,2000
7824,2000
7825,1950
7826,2000
7827,1950
7828,2000
7829,2000
7830,1950
7831,2000
7832,1950
7833,1900
7834,1850
7835,1800
7836,1900
7837,1850
7838,1950
7839,1900
7840,1850
7841,1800
7842,1900
7843,1850
7844,1800
7845,1900
7846,1850
7847,1950
7848,1900
7849,2000
7850,1950
7851,2000
7852,1950
7853,2000
7854,2000
7855,1950
7856,2000
7857,1950
7858,2000
7859,2000
7860,2000
7861,1950
7862,1900
7863,1850
7864,1950
7865,2000
7866,2000
7867,2000
7868,1950
7869,1900
7870,2000
7871,2000
7872,2000
7873,2000
7874,2000
7875,1950
7876,1900
7877,2000
7878,1950
7879,1900
7880,2000
7881,1950
7882,1900
7883,2000
7884,1950
7885,2000
7886,1950
7887,2000
7888,2000
7889,1950
7890,2000
7891,2000
7892,2000
7893,1950
7894,1900
7895,1850
7896,1950
7897,1900
7898,2000
7899,2000
7900,2000
7901,1950
7902,2000
7903,1950
7904,2000
7905,1950
7906,1900
7907,2000
7908,2000
7909,1950
7910,1900
7911,1850
7912,1950
7913,1900
7914,2000
7915,1950
7916,2000
7917,2000
7918,2000
7919,2000
7920,2000
7921,1950
7922,2000
7923,1950
7924,2000
7925,2000
7926,2000
7927,2000
7928,2000
7929,1950
7930,1900
7931,2000
7932,2000
7933,2000
7934,2000
7935,2000
7936,1950
7937,1900
7938,2000
7939,2000
7940,1950
7941,2000
7942,1950
7943,2000
7944,2000
7945,1950
7946,1900
7947,2000
7948,1950
7949,2000
7950,1950
7951,1900
7952,2000
7953,1950
7954,2000
7955,2000
7956,1950
7957,2000
7958,2000
7959,1950
7960,1900
7961,2000
7962,2000
7963,2000
7964,2000
7965,1950
7966,2000
7967,1950
7968,1900
7969,2000
7970,2000
7971,2000
7972,1950
7973,2000
7974,2000
7975,1950
7976,2000
7977,2000
7978,2000
7979,2000
7980,1950
7981,2000
7982,2000
7983,2000
7984,1950
7985,2000
7986,2000
7987,2000
7988,1950
7989,2000
7990,1950
7991,1900
7992,2000
7993,2000
7994,1950
7995,1900
7996,1850
7997,1800
7998,1750
7999,1850
8000,1800
8001,1900
8002,1850
8003,1950
8004,2000
8005,1950
8006,1900
8007,1850
8008,1950
8009,1900
8010,2000
8011,2000
8012,1950
8013,1900
8014,1850
8015,1950
8016,1900
8017,1850
8018,1950
8019,1900
8020,1850
8021,1950
8022,2000
8023,2000
8024,1950
8025,1900
8026,1850
8027,1950
8028,1900
8029,2000
8030,1950
8031,1900
8032,2000
8033,2000
8034,2000
8035,1950
8036,2000
8037,1950
8038,2000
8039,1950
8040,1900
8041,2000
8042,1950
8043,1900
8044,1850
8045,1950
8046,1900
8047,1850
8048,1950
8049,2000
8050,1950
8051,1900
8052,1850
8053,1950
8054,2000
8055,2000
8056,1950
8057,1900
8058,2000
8059,2000
8060,1950
8061,2000
8062,2000
8063,2000
8064,1950
8065,1900
8066,1850
8067,1950
8068,2000
8069,1950
8070,2000
8071,2000
8072,2000
8073,2000
8074,1950
8075,1900
8076,1850
8077,1950
8078,2000
8079,1950
8080,1900
8081,1850
8082,1950
8083,1900
8084,2000
8085,1950
8086,1900
8087,1850
8088,1950
8089,1900
8090,1850
8091,1800
8092,1750
8093,1850
8094,1950
8095,1900
8096,1850
8097,1950
8098,1900
8099,1850
8100,1950
8101,1900
8102,1850
8103,1800
8104,1750
8105,1850
8106,1800
8107,1750
8108,1700
8109,1650
8110,1600
8111,1550
8112,1650
8113,1600
8114,1550
8115,1650
8116,1600
8117,1700
8118,1800
8119,1750
8120,1850
8121,1950
8122,2000
8123,1950
8124,2000
8125,2000
8126,1950
8127,1900
8128,1850
8129,1950
8130,2000
8131,2000
8132,2000
8133,2000
8134,1950
8135,1900
8136,1850
8137,1950
8138,1900
8139,1850
8140,1950
8141,2000
8142,2000
8143,1950
8144,1900
8145,2000
8146,2000
8147,2000
8148,2000
8149,1950
8150,2000
8151,2000
8152,1950
8153,1900
8154,2000
8155,1950
8156,2000
8157,2000
8158,1950
8159,2000
8160,1950
8161,1900
8162,1850
8163,1950
8164,1900
8165,1850
8166,1800
8167,1750
8168,1850
8169,1950
8170,2000
8171,1950
8172,1900
8173,1850
8174,1800
8175,1750
8176,1700
8177,1800
8178,1750
8179,1850
8180,1800
8181,1900
8182,2000
8183,1950
8184,2000
8185,1950
8186,1900
8187,1850
8188,1800
8189,1900
8190,1850
8191,1950
8192,1900
8193,2000
8194,1950
8195,1900
8196,1850
8197,1800
8198,1900
8199,2000
8200,1950
8201,2000
8202,1950
8203,2000
8204,2000
8205,2000
8206,1950
8207,1900
8208,1850
8209,1800
8210,1900
8211,1850
8212,1950
8213,1900
8214,1850
8215,1950
8216,1900
8217,2000
8218,2000
8219,1950
8220,1900
8221,2000
8222,1950
8223,1900
8224,2000
8225,2000
8226,2000
8227,1950
8228,1900
8229,1850
8230,1950
8231,1900
8232,2000
8233,2000
8234,1950
8235,1900
8236,2000
8237,2000
8238,1950
8239,1900
8240,2000
8241,1950
8242,1900
8243,1850
8244,1950
8245,2000
8246,2000
8247,2000
8248,1950
8249,1900
8250,2000
8251,2000
8252,1950
8253,2000
8254,2000
8255,2000
8256,1950
8257,2000
8258,1950
8259,2000
8260,2000
8261,2000
8262,2000
8263,1950
8264,1900
8265,2000
8266,2000
8267,1950
8268,2000
8269,1950
8270,1900
8271,2000
8272,1950
8273,2000
8274,1950
8275,1900
8276,1850
8277,1800
8278,1900
8279,1850
8280,1800
8281,1900
8282,2000
8283,2000
8284,1950
8285,1900
8286,1850
8287,1800
8288,1750
8289,1850
8290,1800
8291,1900
8292,2000
8293,1950
8294,2000
8295,1950
8296,1900
8297,2000
8298,1950
8299,1900
8300,2000
8301,1950
8302,2000
8303,2000
8304,1950
8305,2000
8306,2000
8307,2000
8308,2000
8309,2000
8310,2000
8311,2000
8312,2000
8313,1950
8314,2000
8315,2000
8316,1950
8317,2000
8318,2000
8319,1950
8320,2000
8321,1950
8322,2000
8323,2000
8324,1950
8325,2000
8326,1950
8327,2000
8328,1950
8329,1900
8330,1850
8331,1950
8332,2000
8333,1950
8334,1900
8335,1850
8336,1800
8337,1750
8338,1850
8339,1800
8340,1750
8341,1850
8342,1800
8343,1750
8344,1850
8345,1950
8346,2000
8347,1950
8348,2000
8349,1950
8350,1900
8351,1850
8352,1800
8353,1900
8354,2000
8355,2000
8356,1950
8357,2000
8358,2000
8359,1950
8360,2000
8361,2000
8362,1950
8363,2000
8364,1950
8365,2000
8366,1950
8367,1900
8368,1850
8369,1950
8370,2000
8371,1950
8372,2000
8373,2000
8374,2000
8375,1950
8376,2000
8377,2000
8378,1950
8379,2000
8380,2000
8381,1950
8382,1900
8383,2000
8384,1950
8385,2000
8386,2000
8387,2000
8388,1950
8389,2000
8390,2000
8391,2000
8392,1950
8393,1900
8394,1850
8395,1800
8396,1900
8397,1850
8398,1950
8399,1900
8400,2000
8401,1950
8402,1900
8403,2000
8404,2000
8405,1950
8406,1900
8407,2000
8408,2000
8409,1950
8410,2000
8411,1950
8412,1900
8413,2000
8414,1950
8415,2000
8416,1950
8417,2000
8418,1950
8419,1900
8420,2000
8421,1950
8422,1900
8423,1850
8424,1950
8425,2000
8426,2000
8427,1950
8428,2000
8429,1950
8430,1900
8431,1850
8432,1800
8433,1750
8434,1700
8435,1800
8436,1750
8437,1850
8438,1800
8439,1750
8440,1700
8441,1800
8442,1900
8443,2000
8444,2000
8445,1950
8446,2000
8447,2000
8448,2000
8449,2000
8450,1950
8451,2000
8452,2000
8453,2000
8454,2000
8455,1950
8456,2000
8457,2000
8458,1950
8459,2000
8460,2000
8461,1950
8462,2000
8463,2000
8464,2000
8465,2000
8466,1950
8467,1900
8468,1850
8469,1800
8470,1750
8471,1700
8472,1800
8473,1750
8474,1850
8475,1800
8476,1900
8477,2000
8478,2000
8479,1950
8480,1900
8481,2000
8482,1950
8483,2000
8484,1950
8485,1900
8486,1850
8487,1800
8488,1750
8489,1850
8490,1950
8491,1900
8492,2000
8493,2000
8494,1950
8495,2000
8496,2000
8497,1950
8498,2000
8499,2000
8500,2000
8501,2000
8502,2000
8503,1950
8504,1900
8505,1850
8506,1800
8507,1750
8508,1850
8509,1950
8510,1900
8511,2000
8512,2000
8513,1950
8514,2000
8515,1950
8516,1900
8517,1850
8518,1800
8519,1900
8520,1850
8521,1950
8522,1900
8523,2000
8524,1950
8525,2000
8526,1950
8527,2000
8528,1950
8529,1900
8530,1850
8531,1950
8532,1900
8533,1850
8534,1800
8535,1900
8536,1850
8537,1950
8538,1900
8539,1850
8540,1800
8541,1750
8542,1850
8543,1800
8544,1900
8545,1850
8546,1950
8547,1900
8548,1850
8549,1950
8550,2000
8551,1950
8552,1900
8553,2000
8554,1950
8555,1900
8556,1850
8557,1950
8558,2000
8559,1950
8560,2000
8561,1950
8562,2000
8563,1950
8564,2000
8565,2000
8566,2000
8567,1950
8568,2000
8569,1950
8570,1900
8571,2000
8572,2000
8573,2000
8574,1950
8575,1900
8576,2000
8577,1950
8578,2000
8579,2000
8580,2000
8581,1950
8582,1900
8583,1850
8584,1950
8585,2000
8586,2000
8587,2000
8588,1950
8589,1900
8590,2000
8591,2000
8592,1950
8593,1900
8594,2000
8595,1950
8596,1900
8597,2000
8598,2000
8599,2000
8600,2000
8601,1950
8602,1900
8603,2000
8604,2000
8605,2000
8606,1950
8607,1900
8608,1850
8609,1800
8610,1900
8611,1850
8612,1950
8613,2000
8614,2000
8615,2000
8616,2000
8617,1950
8618,1900
8619,1850
8620,1950
8621,1900
8622,2000
8623,2000
8624,2000
8625,1950
8626,2000
8627,1950
8628,1900
8629,1850
8630,1800
8631,1900
8632,1850
8633,1950
8634,2000
8635,1950
8636,2000
8637,2000
8638,1950
8639,1900
8640,2000
8641,1950
8642,1900
8643,1850
8644,1950
8645,2000
8646,1950
8647,1900
8648,1850
8649,1800
8650,1750
8651,1700
8652,1650
8653,1750
8654,1850
8655,1800
8656,1750
8657,1850
8658,1800
8659,1750
8660,1850
8661,1800
8662,1750
8663,1700
8664,1800
8665,1750
8666,1850
8667,1800
8668,1750
8669,1700
8670,1650
8671,1750
8672,1700
8673,1650
8674,1750
8675,1850
8676,1800
8677,1750
8678,1850
8679,1800
8680,1750
8681,1700
8682,1650
8683,1750
8684,1850
8685,1800
8686,1900
8687,2000
8688,1950
8689,1900
8690,2000
8691,1950
8692,1900
8693,1850
8694,1950
8695,2000
8696,2000
8697,1950
8698,2000
8699,1950
8700,1900
8701,2000
8702,1950
8703,2000
8704,2000
8705,2000
8706,2000
8707,2000
8708,1950
8709,1900
8710,2000
8711,2000
8712,1950
8713,2000
8714,2000
8715,2000
8716,2000
8717,2000
8718,1950
8719,2000
8720,2000
8721,1950
8722,1900
8723,2000
8724,2000
8725,2000
8726,1950
8727,2000
8728,1950
8729,1900
8730,1850
8731,1950
8732,2000
8733,1950
8734,2000
8735,1950
8736,2000
8737,2000
8738,1950
8739,1900
8740,1850
8741,1950
8742,1900
8743,1850
8744,1800
8745,1900
8746,2000
8747,2000
8748,2000
8749,1950
8750,2000
8751,2000
8752,1950
8753,1900
8754,2000
8755,2000
8756,2000
8757,1950
8758,2000
8759,2000
8760,1950
8761,1900
8762,2000
8763,1950
8764,1900
8765,2000
8766,1950
8767,2000
8768,2000
8769,1950
8770,1900
8771,2000
8772,1950
8773,2000
8774,1950
8775,2000
8776,2000
8777,1950
8778,1900
8779,2000
8780,1950
8781,1900
8782,2000
8783,2000
8784,1950
8785,1900
8786,1850
8787,1950
8788,2000
8789,1950
8790,1900
8791,2000
8792,1950
8793,2000
8794,2000
8795,1950
8796,2000
8797,2000
8798,2000
8799,1950
8800,1900
8801,2000
8802,2000
8803,1950
8804,1900
8805,2000
8806,2000
8807,2000
8808,2000
8809,2000
8810,2000
8811,2000
8812,1950
8813,1900
8814,1850
8815,1950
8816,2000
8817,1950
8818,1900
8819,2000
8820,2000
8821,2000
8822,2000
8823,1950
8824,2000
8825,1950
8826,2000
8827,2000
8828,1950
8829,1900
8830,1850
8831,1800
8832,1750
8833,1700
8834,1800
8835,1900
8836,2000
8837,2000
8838,1950
8839,1900
8840,2000
8841,1950
8842,1900
8843,1850
8844,1800
8845,1900
8846,1850
8847,1800
8848,1750
8849,1700
8850,1800
8851,1900
8852,2000
8853,1950
8854,1900
8855,1850
8856,1800
8857,1750
8858,1850
8859,1800
8860,1900
8861,1850
8862,1950
8863,1900
8864,1850
8865,1950
8866,1900
8867,1850
8868,1800
8869,1900
8870,1850
8871,1950
8872,1900
8873,2000
8874,1950
8875,2000
8876,1950
8877,1900
8878,1850
8879,1800
8880,1900
8881,1850
8882,1950
8883,1900
8884,2000
8885,1950
8886,2000
8887,2000
8888,2000
8889,2000
8890,1950
8891,2000
8892,2000
8893,2000
8894,1950
8895,1900
8896,1850
8897,1950
8898,2000
8899,2000
8900,2000
8901,1950
8902,1900
8903,2000
8904,1950
8905,1900
8906,2000
8907,2000
8908,1950
8909,1900
8910,1850
8911,1950
8912,1900
8913,1850
8914,1800
8915,1900
8916,1850
8917,1950
8918,2000
8919,2000
8920,2000
8921,2000
8922,2000
8923,1950
8924,2000
8925,1950
8926,2000
8927,1950
8928,2000
8929,1950
8930,1900
8931,2000
8932,2000
8933,1950
8934,2000
8935,2000
8936,1950
8937,1900
8938,1850
8939,1800
8940,1900
8941,2000
8942,2000
8943,2000
8944,2000
8945,1950
8946,2000
8947,1950
8948,1900
8949,1850
8950,1800
8951,1900
8952,1850
8953,1950
8954,1900
8955,2000
8956,2000
8957,2000
8958,2000
8959,1950
8960,2000
8961,1950
8962,1900
8963,1850
8964,1950
8965,1900
8966,1850
8967,1800
8968,1900
8969,1850
8970,1950
8971,1900
8972,1850
8973,1800
8974,1900
8975,2000
8976,2000
8977,2000
8978,1950
8979,2000
8980,1950
8981,2000
8982,1950
8983,1900
8984,2000
8985,1950
8986,2000
8987,1950
8988,1900
8989,2000
8990,1950
8991,1900
8992,1850
8993,1800
8994,1750
8995,1700
8996,1650
8997,1600
8998,1700
8999,1800
9000,1750
9001,1850
9002,1800
9003,1750
9004,1850
9005,1800
9006,1900
9007,2000
9008,1950
9009,2000
9010,2000
9011,2000
9012,1950
9013,1900
9014,1850
9015,1950
9016,2000
9017,1950
9018,2000
9019,1950
9020,1900
9021,1850
9022,1800
9023,1750
9024,1850
9025,1800
9026,1750
9027,1850
9028,1950
9029,2000
9030,1950
9031,1900
9032,2000
9033,2000
9034,2000
9035,2000
9036,2000
9037,2000
9038,1950
9039,1900
9040,2000
9041,1950
9042,2000
9043,2000
9044,1950
9045,1900
9046,2000
9047,1950
9048,2000
9049,1950
9050,2000
9051,2000
9052,2000
9053,2000
9054,1950
9055,1900
9056,1850
9057,1800
9058,1900
9059,2000
9060,2000
9061,2000
9062,1950
9063,1900
9064,1850
9065,1800
9066,1750
9067,1850
9068,1950
9069,1900
9070,1850
9071,1800
9072,1750
9073,1700
9074,1650
9075,1750
9076,1700
9077,1800
9078,1900
9079,1850
9080,1950
9081,2000
9082,1950
9083,2000
9084,1950
9085,2000
9086,1950
9087,2000
9088,2000
9089,2000
9090,2000
9091,1950
9092,1900
9093,2000
9094,1950
9095,1900
9096,1850
9097,1950
9098,2000
9099,1950
9100,1900
9101,2000
9102,2000
9103,1950
9104,1900
9105,1850
9106,1950
9107,2000
9108,1950
9109,1900
9110,1850
9111,1950
9112,1900
9113,2000
9114,2000
9115,1950
9116,1900
9117,1850
9118,1950
9119,1900
9120,1850
9121,1950
9122,2000
9123,2000
9124,2000
9125,2000
9126,1950
9127,2000
9128,1950
9129,2000
9130,1950
9131,1900
9132,2000
9133,2000
9134,2000
9135,1950
9136,1900
9137,2000
9138,2000
9139,2000
9140,1950
9141,1900
9142,2000
9143,2000
9144,2000
9145,1950
9146,1900
9147,1850
9148,1950
9149,2000
9150,1950
9151,2000
9152,1950
9153,2000
9154,1950
9155,1900
9156,2000
9157,1950
9158,2000
9159,1950
9160,2000
9161,2000
9162,2000
9163,1950
9164,2000
9165,1950
9166,1900
9167,1850
9168,1800
9169,1750
9170,1700
9171,1800
9172,1750
9173,1700
9174,1650
9175,1600
9176,1700
9177,1800
9178,1750
9179,1700
9180,1800
9181,1900
9182,1850
9183,1950
9184,1900
9185,2000
9186,2000
9187,1950
9188,2000
9189,1950
9190,1900
9191,1850
9192,1800
9193,1900
9194,1850
9195,1950
9196,2000
9197,1950
9198,2000
9199,1950
9200,1900
9201,2000
9202,2000
9203,1950
9204,1900
9205,1850
9206,1800
9207,1900
9208,1850
9209,1800
9210,1900
9211,1850
9212,1800
9213,1900
9214,2000
9215,1950
9216,1900
9217,2000
9218,1950
9219,1900
9220,1850
9221,1950
9222,2000
9223,2000
9224,2000
9225,2000
9226,1950
9227,2000
9228,1950
9229,2000
9230,2000
9231,2000
9232,1950
9233,1900
9234,1850
9235,1800
9236,1750
9237,1700
9238,1650
9239,1600
9240,1550
9241,1500
9242,1450
9243,1400
9244,1350
9245,1300
9246,1400
9247,1500
9248,1450
9249,1550
9250,1650
9251,1600
9252,1700
9253,1650
9254,1600
9255,1700
9256,1800
9257,1900
9258,2000
9259,1950
9260,1900
9261,2000
9262,2000
9263,2000
9264,1950
9265,1900
9266,2000
9267,2000
9268,2000
9269,1950
9270,2000
9271,1950
9272,2000
9273,1950
9274,1900
9275,2000
9276,2000
9277,1950
9278,1900
9279,1850
9280,1800
9281,1750
9282,1850
9283,1800
9284,1750
9285,1700
9286,1800
9287,1900
9288,2000
9289,2000
9290,1950
9291,2000
9292,2000
9293,1950
9294,2000
9295,2000
9296,1950
9297,2000
9298,1950
9299,2000
9300,2000
9301,1950
9302,2000
9303,1950
9304,2000
9305,1950
9306,2000
9307,2000
9308,1950
9309,2000
9310,1950
9311,2000
9312,1950
9313,1900
9314,1850
9315,1950
9316,2000
9317,1950
9318,1900
9319,1850
9320,1950
9321,1900
9322,2000
9323,1950
9324,1900
9325,1850
9326,1950
9327,1900
9328,1850
9329,1950
9330,1900
9331,1850
9332,1800
9333,1750
9334,1850
9335,1950
9336,2000
9337,1950
9338,2000
9339,1950
9340,1900
9341,2000
9342,1950
9343,1900
9344,2000
9345,2000
9346,1950
9347,2000
9348,1950
9349,2000
9350,2000
9351,2000
9352,1950
9353,2000
9354,1950
9355,2000
9356,2000
9357,2000
9358,1950
9359,2000
9360,2000
9361,2000
9362,1950
9363,2000
9364,1950
9365,2000
9366,2000
9367,1950
9368,2000
9369,2000
9370,2000
9371,1950
9372,2000
9373,1950
9374,2000
9375,2000
9376,1950
9377,2000
9378,2000
9379,1950
9380,2000
9381,2000
9382,2000
9383,2000
9384,2000
9385,1950
9386,1900
9387,1850
9388,1800
9389,1750
9390,1700
9391,1800
9392,1900
9393,1850
9394,1950
9395,1900
9396,1850
9397,1800
9398,1750
9399,1850
9400,1800
9401,1750
9402,1700
9403,1650
9404,1600
9405,1550
9406,1500
9407,1600
9408,1550
9409,1650
9410,1600
9411,1550
9412,1650
9413,1600
9414,1700
9415,1650
9416,1600
9417,1700
9418,1650
9419,1600
9420,1550
9421,1650
9422,1600
9423,1700
9424,1800
9425,1900
9426,1850
9427,1950
9428,1900
9429,2000
9430,2000
9431,2000
9432,2000
9433,1950
9434,1900
9435,2000
9436,2000
9437,1950
9438,2000
9439,1950
9440,1900
9441,1850
9442,1950
9443,1900
9444,1850
9445,1950
9446,1900
9447,2000
9448,2000
9449,1950
9450,1900
9451,1850
9452,1800
9453,1900
9454,1850
9455,1950
9456,1900
9457,2000
9458,2000
9459,1950
9460,1900
9461,1850
9462,1950
9463,1900
9464,2000
9465,2000
9466,1950
9467,1900
9468,1850
9469,1800
9470,1750
9471,1700
9472,1650
9473,1600
9474,1550
9475,1500
9476,1600
9477,1550
9478,1650
9479,1600
9480,1550
9481,1500
9482,1600
9483,1550
9484,1650
9485,1600
9486,1700
9487,1650
9488,1750
9489,1700
9490,1800
9491,1750
9492,1850
9493,1800
9494,1900
9495,2000
9496,1950
9497,1900
9498,2000
9499,1950
9500,1900
9501,2000
9502,1950
9503,2000
9504,2000
9505,2000
9506,2000
9507,1950
9508,1900
9509,1850
9510,1950
9511,2000
9512,2000
9513,2000
9514,1950
9515,1900
9516,1850
9517,1950
9518,1900
9519,1850
9520,1950
9521,2000
9522,1950
9523,1900
9524,2000
9525,2000
9526,1950
9527,2000
9528,2000
9529,1950
9530,1900
9531,1850
9532,1800
9533,1750
9534,1700
9535,1800
9536,1750
9537,1700
9538,1650
9539,1600
9540,1550
9541,1500
9542,1450
9543,1400
9544,1500
9545,1600
9546,1550
9547,1500
9548,1600
9549,1550
9550,1650
9551,1750
9552,1700
9553,1800
9554,1900
9555,1850
9556,1950
9557,2000
9558,2000
9559,1950
9560,1900
9561,2000
9562,2000
9563,1950
9564,1900
9565,2000
9566,1950
9567,2000
9568,1950
9569,1900
9570,2000
9571,1950
9572,1900
9573,2000
9574,2000
9575,2000
9576,1950
9577,2000
9578,2000
9579,1950
9580,1900
9581,2000
9582,1950
9583,1900
9584,2000
9585,1950
9586,1900
9587,1850
9588,1950
9589,2000
9590,2000
9591,2000
9592,1950
9593,2000
9594,1950
9595,2000
9596,2000
9597,1950
9598,1900
9599,1850
9600,1800
9601,1900
9602,1850
9603,1950
9604,1900
9605,2000
9606,1950
9607,2000
9608,1950
9609,2000
9610,1950
9611,2000
9612,1950
9613,1900
9614,1850
9615,1950
9616,1900
9617,1850
9618,1800
9619,1900
9620,1850
9621,1800
9622,1750
9623,1700
9624,1650
9625,1600
9626,1700
9627,1650
9628,1750
9629,1850
9630,1800
9631,1750
9632,1700
9633,1800
9634,1900
9635,1850
9636,1950
9637,1900
9638,2000
9639,1950
9640,1900
9641,1850
9642,1800
9643,1900
9644,2000
9645,1950
9646,1900
9647,1850
9648,1800
9649,1750
9650,1700
9651,1650
9652,1600
9653,1550
9654,1650
9655,1600
9656,1550
9657,1650
9658,1750
9659,1850
9660,1800
9661,1750
9662,1850
9663,1950
9664,1900
9665,2000
9666,1950
9667,2000
9668,1950
9669,1900
9670,1850
9671,1950
9672,2000
9673,1950
9674,1900
9675,2000
9676,1950
9677,1900
9678,1850
9679,1950
9680,1900
9681,1850
9682,1950
9683,2000
9684,2000
9685,2000
9686,2000
9687,2000
9688,2000
9689,1950
9690,2000
9691,1950
9692,1900
9693,1850
9694,1800
9695,1750
9696,1700
9697,1800
9698,1900
9699,1850
9700,1800
9701,1750
9702,1850
9703,1950
9704,1900
9705,1850
9706,1950
9707,2000
9708,1950
9709,2000
9710,2000
9711,2000
9712,2000
9713,1950
9714,2000
9715,2000
9716,1950
9717,1900
9718,2000
9719,1950
9720,2000
9721,2000
9722,2000
9723,1950
9724,1900
9725,1850
9726,1950
9727,2000
9728,2000
9729,1950
9730,2000
9731,1950
9732,2000
9733,2000
9734,2000
9735,1950
9736,1900
9737,1850
9738,1950
9739,1900
9740,1850
9741,1800
9742,1900
9743,1850
9744,1950
9745,2000
9746,2000
9747,1950
9748,1900
9749,2000
9750,1950
9751,1900
9752,2000
9753,2000
9754,1950
9755,1900
9756,2000
9757,1950
9758,2000
9759,2000
9760,2000
9761,2000
9762,1950
9763,2000
9764,2000
9765,2000
9766,2000
9767,2000
9768,1950
9769,1900
9770,1850
9771,1800
9772,1900
9773,1850
9774,1950
9775,2000
9776,1950
9777,2000
9778,1950
9779,1900
9780,2000
9781,1950
9782,1900
9783,2000
9784,1950
9785,1900
9786,1850
9787,1800
9788,1900
9789,1850
9790,1950
9791,1900
9792,1850
9793,1950
9794,2000
9795,2000
9796,1950
9797,1900
9798,2000
9799,2000
9800,1950
9801,2000
9802,1950
9803,1900
9804,1850
9805,1950
9806,2000
9807,1950
9808,1900
9809,2000
9810,1950
9811,1900
9812,1850
9813,1800
9814,1900
9815,1850
9816,1800
9817,1900
9818,2000
9819,2000
9820,1950
9821,1900
9822,1850
9823,1950
9824,2000
9825,2000
9826,1950
9827,2000
9828,2000
9829,2000
9830,1950
9831,1900
9832,2000
9833,1950
9834,1900
9835,2000
9836,2000
9837,2000
9838,2000
9839,1950
9840,1900
9841,1850
9842,1950
9843,1900
9844,2000
9845,1950
9846,2000
9847,2000
9848,2000
9849,1950
9850,2000
9851,1950
9852,1900
9853,1850
9854,1800
9855,1750
9856,1850
9857,1950
9858,1900
9859,1850
9860,1800
9861,1900
9862,2000
9863,1950
9864,2000
9865,2000
9866,1950
9867,1900
9868,2000
9869,1950
9870,1900
9871,2000
9872,2000
9873,2000
9874,1950
9875,1900
9876,1850
9877,1800
9878,1750
9879,1850
9880,1800
9881,1900
9882,1850
9883,1800
9884,1900
9885,2000
9886,2000
9887,1950
9888,1900
9889,2000
9890,1950
9891,2000
9892,2000
9893,1950
9894,1900
9895,1850
9896,1950
9897,2000
9898,2000
9899,1950
9900,1900
9901,2000
9902,2000
9903,1950
9904,2000
9905,2000
9906,1950
9907,2000
9908,1950
9909,2000
9910,2000
9911,2000
9912,1950
9913,1900
9914,1850
9915,1950
9916,1900
9917,1850
9918,1950
9919,1900
9920,1850
9921,1800
9922,1750
9923,1850
9924,1800
9925,1900
9926,2000
9927,2000
9928,1950
9929,1900
9930,2000
9931,2000
9932,1950
9933,1900
9934,1850
9935,1950
9936,2000
9937,1950
9938,2000
9939,1950
9940,2000
9941,2000
9942,1950
9943,2000
9944,2000
9945,1950
9946,2000
9947,1950
9948,1900
9949,1850
9950,1800
9951,1900
9952,1850
9953,1950
9954,2000
9955,1950
9956,2000
9957,2000
9958,2000
9959,2000
9960,2000
9961,2000
9962,2000
9963,2000
9964,1950
9965,2000
9966,1950
9967,1900
9968,2000
9969,2000
9970,2000
9971,1950
9972,2000
9973,1950
9974,2000
9975,1950
9976,2000
9977,2000
9978,1950
9979,1900
9980,2000
9981,1950
9982,1900
9983,1850
9984,1950
9985,2000
9986,1950
9987,1900
9988,2000
9989,2000
9990,2000
9991,1950
9992,1900
9993,1850
9994,1800
9995,1900
9996,1850
9997,1800
9998,1750
9999,1700
